spatial_info_id,installation_location,road_name,longitude,latitude,district_code,district_name,parking_violation_note,weekday_start_time_am,weekday_start_time_pm,weekday_end_time_am,weekday_end_time_pm,saturday_start_time_am,saturday_start_time_pm,saturday_end_time_am,saturday_end_time_pm,holiday_start_time_am,holiday_start_time_pm,holiday_end_time_am,holiday_end_time_pm
31,서구청건너,국채보상로,128.558414,35.87104331,3,서구,촬영간격(일반-10분  화물-15분)  토 일 공휴일 제외,7:00,14:00,12:00,19:00,-,-,-,-,-,-,-,-
32,이현공단주유소 옆,국채보상로,128.5513019,35.86985021,3,서구,촬영간격(일반-10분  화물-15분)  토 일 공휴일 제외,7:00,17:00,10:00,19:00,-,-,-,-,-,-,-,-
33,대성초등학교,국채보상로,128.5778276,35.87118558,3,서구,촬영간격(일반-10분  화물-15분)  토 일 공휴일 제외,7:00,14:00,12:00,19:00,-,-,-,-,-,-,-,-
34,북부정류장 내,서대구로,128.5555297,35.88452727,3,서구,촬영간격(일반-10분[토 일 제외]  택시-5분[토 일 포함])  토 일 공휴일 제외,7:00,14:00,12:00,19:00,-,-,-,-,-,-,-,-
35,은하수노래방,당산로,128.5465522,35.85952832,3,서구,촬영간격(일반-10분  화물-15분)  토 일 공휴일 제외,7:00,14:00,12:00,19:00,-,-,-,-,-,-,-,-
36,킹스턴파크,서대구로,128.5566444,35.8615158,3,서구,촬영간격(일반-10분  화물-15분)  토 일 공휴일 제외,7:00,14:00,12:00,19:00,-,-,-,-,-,-,-,-
37,서문시장,큰장로,128.5790457,35.8693926,3,서구,촬영간격 20분  토 일 공휴일 제외,7:00,14:00,12:00,19:00,-,-,-,-,-,-,-,-
38,홈플러스내당점,달구벌대로,128.5630273,35.85976828,3,서구,촬영간격(일반-10분  화물-15분)  토 일 공휴일 제외,7:00,14:00,12:00,19:00,-,-,-,-,-,-,-,-
39,평리푸르지오입구,국채보상로50길,128.558962,35.87026276,3,서구,촬영간격(APT구간-25분  구청구간-10분)  토 일 공휴일 제외,7:00,14:00,12:00,19:00,-,-,-,-,-,-,-,-
310,북부정류장 입구,서대구로,128.5568287,35.88489091,3,서구,촬영간격(일반-10분  화물-15분)  토 일 공휴일 제외,7:00,14:00,12:00,19:00,-,-,-,-,-,-,-,-
311,광장타운입구,달구벌대로,128.5524515,35.85610645,3,서구,촬영간격(일반-10분  화물-15분)  토 일 공휴일 제외,7:00,14:00,12:00,19:00,-,-,-,-,-,-,-,-
312,평리동롯데캐슬,국채보상로,128.5650997,35.87191818,3,서구,촬영간격(일반-10분  화물-15분)  토 일 공휴일 제외,7:00,14:00,12:00,19:00,-,-,-,-,-,-,-,-
313,이현시장,북비산로,128.5503213,35.87875881,3,서구,촬영간격(일반-10분  화물-15분)  토 일 공휴일 제외,7:00,14:00,12:00,19:00,-,-,-,-,-,-,-,-
314,북비산네거리,북비산로,128.5710146,35.87971842,3,서구,촬영간격(일반-10분  화물-15분)  토 일 공휴일 제외,7:00,14:00,12:00,19:00,-,-,-,-,-,-,-,-
315,평리칸타빌 앞,서대구로,128.5550202,35.87160757,3,서구,촬영간격(일반-10분  화물-15분  버스정류장-5분),7:00,14:00,12:00,19:00,10:00,14:00,12:00,19:00,10:00,14:00,12:00,19:00
316,대경한의원앞,평리로,128.5505519,35.86261835,3,서구,촬영간격(일반-10분  화물-15분)  U턴구간 21:00까지 단속  토 일 공휴일 제외,7:00,14:00,12:00,19:00,-,-,-,-,-,-,-,-
317,비산네거리,달서로,128.5712079,35.87238945,3,서구,촬영간격(일반-10분  화물-15분)  토 일 공휴일 제외,7:00,14:00,12:00,19:00,-,-,-,-,-,-,-,-
318,비산우체국 앞,달서로,128.5711559,35.87597465,3,서구,촬영간격(일반-10분  화물-15분)  토 일 공휴일 제외,7:00,14:00,12:00,19:00,-,-,-,-,-,-,-,-
319,BMW앞,와룡로,128.5379073,35.87055082,3,서구,촬영간격(일반-10분  화물-15분)  토 일 공휴일 제외,7:00,14:00,12:00,19:00,-,-,-,-,-,-,-,-
320,대성사진관 앞,국채보상로,128.5730789,35.87219996,3,서구,촬영간격 10분  토 일 공휴일 제외,7:00,14:00,12:00,20:00,-,-,-,-,-,-,-,-
321,젠틀맨 앞,국채보상로,128.5757609,35.87198215,3,서구,촬영간격 10분  토 일 공휴일 제외,7:00,14:00,12:00,20:00,-,-,-,-,-,-,-,-
322,현대모비스 건너편,달서천로,128.5522086,35.8823563,3,서구,촬영간격(일반-10분  화물-15분)  토 일 공휴일 제외,7:00,14:00,12:00,19:00,-,-,-,-,-,-,-,-
323,이마트 트레이더스,서대구로63길,128.5557091,35.88920554,3,서구,촬영간격(일반-10분  화물-15분)  토 일 공휴일 제외,7:00,14:00,12:00,19:00,-,-,-,-,-,-,-,-
324,현대모비스 앞,팔달로,128.5565581,35.89041749,3,서구,촬영간격(일반-20분  화물-20분  버스정류장-5분)  토 일 공휴일 제외,7:00,14:00,12:00,19:00,-,-,-,-,-,-,-,-
71,농협대곡지점 부근(도원네거리 주변),도원로,128.5358027,35.80840954,7,달서구,촬영간격 - 10분  (단속유예:11:00~15:00),9:00,15:00,11:00,18:00,-,-,-,-,-,-,-,-
72,도원네거리(지은스포렉스 주변),도원로,128.5355334,35.80674509,7,달서구,촬영간격 - 10분  (단속유예:11:00~15:00),9:00,15:00,11:00,18:00,-,-,-,-,-,-,-,-
73,롯데백화점(상인점 정문),월배로,128.5388116,35.81910841,7,달서구,촬영간격 - 10분,9:00,14:00,12:00,18:00,-,-,-,-,-,-,-,-
74,성서홈플러스입구 부근(홈플러스성서점 정문),달구벌대로,128.5278942,35.84906473,7,달서구,촬영간격 - 10분  (토  일  공휴일 O),7:00,14:00,12:00,21:00,7:00,14:00,12:00,21:00,7:00,14:00,12:00,21:00
75,향군회관앞 부근(용산동),달구벌대로,128.5294513,35.84928637,7,달서구,촬영간격 - 10분  (토  일  공휴일 O),7:00,14:00,12:00,21:00,7:00,14:00,12:00,21:00,7:00,14:00,12:00,21:00
76,상인네거리 부근(상인역 4번 출구),월곡로,128.5382208,35.81836048,7,달서구,촬영간격 - 5분,9:00,14:00,12:00,18:00,-,-,-,-,-,-,-,-
77,서부정류장 부근(성당네거리 모퉁이),성당로,128.5574802,35.83769262,7,달서구,촬영간격 - 2분,9:00,14:00,12:00,21:00,-,-,-,-,-,-,-,-
78,서부정류장 출입구 (박종혁이비인후과  송현2동),월배로,128.5565423,35.83648332,7,달서구,촬영간격 - 10분,9:00,14:00,12:00,18:00,-,-,-,-,-,-,-,-
79,해성병원 부근(보성화성타운건너  IBK기업은행 앞),계대동문로,128.5039223,35.85535127,7,달서구,촬영간격 - 10분,9:00,14:00,12:00,18:00,-,-,-,-,-,-,-,-
710,상인홈플러스 부근,월배로,128.5343382,35.81803979,7,달서구,촬영간격 - 10분,9:00,14:00,12:00,18:00,-,-,-,-,-,-,-,-
711,남대구중고상사 부근 (자동차매매상사  조은전동지게차 앞 삼거리),성서공단로,128.5223246,35.83656355,7,달서구,촬영간격 - 10분,9:00,14:00,12:00,18:00,-,-,-,-,-,-,-,-
712,국민연금네거리 부근,성서로,128.5071511,35.85526961,7,달서구,촬영간격 - 10분,9:00,14:00,12:00,18:00,-,-,-,-,-,-,-,-
713,성서이마트 부근(BYC 매장),이곡공원로,128.5096345,35.85520788,7,달서구,촬영간격 - 10분,9:00,14:00,12:00,18:00,-,-,-,-,-,-,-,-
714,삼성명가 부근(삼성명가아파트 상가),호산로,128.477998,35.85188295,7,달서구,촬영간격 - 10분  (단속유예:11:00~15:00),9:00,15:00,11:00,18:00,-,-,-,-,-,-,-,-
715,성서우체국 부근,성서로,128.5073804,35.85403932,7,달서구,촬영간격 - 10분,9:00,14:00,12:00,18:00,-,-,-,-,-,-,-,-
716,성서네거리 부근(성서산업단지역),달구벌대로,128.5071586,35.85154417,7,달서구,촬영간격 - 7분,9:00,14:00,12:00,18:00,-,-,-,-,-,-,-,-
717,대구은행 죽전점 부근(감삼동),달구벌대로,128.5383713,35.85041828,7,달서구,촬영간격 - 10분,9:00,14:00,12:00,18:00,-,-,-,-,-,-,-,-
718,국민은행 성서지점 부근(이곡동),계대동문로,128.5050421,35.85530207,7,달서구,촬영간격 - 10분,9:00,14:00,12:00,18:00,-,-,-,-,-,-,-,-
719,월배초등학교 부근,월배로,128.5289151,35.81554207,7,달서구,촬영간격 - 10분  (단속유예:12:00~15:00시장쪽)  스쿨존 유예 12:00~13:00,9:00,14:00,12:00,18:00,-,-,-,-,-,-,-,-
720,두류네거리 부근 (구 진보빌딩  국민건강보험공단 건너),두류공원로,128.5578913,35.85699203,7,달서구,촬영간격 - 10분  (단속유예:11:00~15:00)공원방향,9:00,14:00,12:00,18:00,-,-,-,-,-,-,-,-
721,성서홈플러스 물류입고장,달구벌대로,128.5262665,35.84885953,7,달서구,촬영간격 - 10분  (토  일  공휴일 O),7:00,14:00,12:00,21:00,7:00,14:00,12:00,21:00,7:00,14:00,12:00,21:00
722,계명대 동문(신당동  대구은행 앞),달서대로,128.4918879,35.85496364,7,달서구,촬영간격 - 10분,7:00,14:00,12:00,21:00,-,-,-,-,-,-,-,-
723,용산동 맥도날드,용산로,128.5307038,35.8573334,7,달서구,촬영간격 - 10분,7:00,14:00,12:00,21:00,-,-,-,-,-,-,-,-
724,용산동 대구은행,용산로,128.5302944,35.8586975,7,달서구,촬영간격 - 10분,7:00,14:00,12:00,21:00,-,-,-,-,-,-,-,-
725,원화빌딩,달구벌대로,128.5482802,35.85385006,7,달서구,촬영간격 - 10분,7:00,14:00,12:00,21:00,-,-,-,-,-,-,-,-
726,농협송현지점 부근(송현주공시장),송현로,128.5484472,35.82187924,7,달서구,촬영간격 - 10분,9:00,14:00,12:00,18:00,-,-,-,-,-,-,-,-
727,홈플러스 성서점 뒤 (용산역 6번출구 삼거리  홈플러스성서점-하나로마트 사잇길),용산로,128.5288839,35.85017848,7,달서구,촬영간격 - 10분  (토  일  공휴일 O),7:00,14:00,12:00,21:00,7:00,14:00,12:00,21:00,7:00,14:00,12:00,21:00
728,용화사 앞(1  장산로),장산로,128.5245517,35.85684634,7,달서구,촬영간격 - 10분,7:00,14:00,12:00,21:00,-,-,-,-,-,-,-,-
729,용화사 건너(2  장산로),장산로,128.5242664,35.8564736,7,달서구,촬영간격 - 10분,7:00,14:00,12:00,21:00,-,-,-,-,-,-,-,-
730,현대해상(두류2동),달구벌대로,128.5609292,35.85886137,7,달서구,촬영간격 - 10분,7:00,14:00,12:00,21:00,-,-,-,-,-,-,-,-
731,상인동롯데리아 부근(상인공영주차장 동편),상인서로,128.5402131,35.81861049,7,달서구,촬영간격 - 10분  (단속유예:17:00~18:00),9:00,14:00,12:00,17:00,-,-,-,-,-,-,-,-
732,현대동방상가 부근 (상인공영주차장 남편  현대동방맨션),상인서로,128.5397555,35.81772565,7,달서구,촬영간격 - 10분  (단속유예:17:00~18:00),9:00,14:00,12:00,17:00,-,-,-,-,-,-,-,-
733,농협 송현역 부근,월배로,128.5510697,35.8300925,7,달서구,촬영간격 - 10분,9:00,14:00,12:00,18:00,-,-,-,-,-,-,-,-
734,죽전네거리 부근(대우월드 상가 앞),와룡로,128.5373004,35.84822804,7,달서구,촬영간격 - 10분,9:00,14:00,12:00,18:00,-,-,-,-,-,-,-,-
735,월배이마트 부근(SK 우광주유소 앞),진천로,128.5229791,35.8162716,7,달서구,촬영간격 - 10분  (토  일  공휴일 O),9:00,14:00,12:00,18:00,9:00,14:00,12:00,18:00,9:00,14:00,12:00,18:00
736,계대농협 부근(계명대 동문 LG유플러스 앞),계대동문로,128.494302,35.85553369,7,달서구,촬영간격 - 10분  (단속유예:12:00~16:00)대학양방향,9:00,14:00,12:00,18:00,-,-,-,-,-,-,-,-
737,한샘초교주변(한샘초교 북편 네거리),월배로11길,128.5179518,35.81674411,7,달서구,촬영간격 - 10분,9:00,14:00,12:00,18:00,-,-,-,-,-,-,-,-
738,원더풀스파랜드 부근(월성동),조암로,128.5250148,35.82448208,7,달서구,촬영간격 - 10분,9:00,14:00,12:00,18:00,-,-,-,-,-,-,-,-
739,진천 계룡리슈빌APT 삼거리,월배로11길,128.5206131,35.81493024,7,달서구,촬영간격 - 10분,9:00,14:00,12:00,18:00,-,-,-,-,-,-,-,-
740,상인역 8번 출구 부근(상인네거리  영남고 방향),월곡로,128.5373909,35.81945701,7,달서구,촬영간격 - 5분,9:00,14:00,12:00,18:00,-,-,-,-,-,-,-,-
741,광장코아 건너편,달구벌대로,128.5523792,35.85577917,7,달서구,촬영간격 - 10분,9:00,14:00,12:00,18:00,-,-,-,-,-,-,-,-
742,서남시장 부근(서남신시장 영풍축산물판매장 앞),달구벌대로,128.5464363,35.85379624,7,달서구,촬영간격 - 10분,9:00,14:00,12:00,18:00,-,-,-,-,-,-,-,-
743,월암중학교 부근(조암공원 네거리  월성동),조암로6길,128.5237692,35.82770855,7,달서구,촬영간격 - 10분  스쿨존 유예 12:00~13:00,8:00,14:00,12:00,20:00,-,-,-,-,-,-,-,-
744,진천역 환승주차장 입구,진천로,128.5234263,35.8124725,7,달서구,촬영간격 - 10분,7:00,14:00,12:00,21:00,-,-,-,-,-,-,-,-
745,진천 AK아파트 정문 부근 (한솔초교 진입로  현대아이파크1차 주변),월배로11길,128.516356,35.81538902,7,달서구,촬영간격 - 10분,9:00,14:00,12:00,18:00,-,-,-,-,-,-,-,-
746,모다여성관 부근(모다아울렛 여성관 앞),달서대로,128.4919214,35.83587935,7,달서구,촬영간격 - 10분  (점심시간 유예없음),9:00,-,21:00,-,-,-,-,-,-,-,-,-
747,모다맥도날드 부근(모다아울렛 맥도날드 앞) (아디다스 매장 주변  SK제일주유소 부근),달서대로,128.491879,35.83939589,7,달서구,촬영간격 - 10분  (점심시간 유예없음),9:00,-,21:00,-,-,-,-,-,-,-,-,-
748,진천네거리 부근(이엘치과 앞),월배로,128.5240977,35.81417363,7,달서구,촬영간격 - 10분  (단속유예:12:00~15:00시장쪽),9:00,14:00,12:00,18:00,-,-,-,-,-,-,-,-
749,조달청 부근 (대구지방조달청 서편 성서동서화성타운 201동),이곡공원로,128.5125725,35.85531953,7,달서구,촬영간격 - 10분,9:00,14:00,12:00,18:00,-,-,-,-,-,-,-,-
750,와룡변전소 부근(와룡변전소 삼거리  용산동),장산로32길,128.5263291,35.86168022,7,달서구,촬영간격 - 10분  (토  일  공휴일 O  점심시간 유예없음),7:00,-,21:00,-,7:00,-,21:00,-,7:00,-,21:00,-
751,NH농협 달성군지부 앞,월배로,128.5553409,35.83422989,7,달서구,촬영간격 - 10분,7:00,14:00,12:00,21:00,-,-,-,-,-,-,-,-
752,상인롯데시네마 부근,월곡로,128.5396763,35.81645694,7,달서구,촬영간격 - 5분  (토  일  공휴일 O),9:00,14:00,12:00,18:00,9:00,14:00,12:00,18:00,9:00,14:00,12:00,18:00
753,대우월드마크 부근 (월드마크웨스트엔드아파트상가 카페베네 앞길),달구벌대로308길,128.5348435,35.84896669,7,달서구,촬영간격 - 10분  (~21:00 인도 대각 이중),9:00,14:00,12:00,21:00,-,-,-,-,-,-,-,-
754,월배 새마을금고 월성지점,조암로6길,128.5266693,35.82577769,7,달서구,촬영간격 - 10분  (~21:00 인도 대각 이중),9:00,14:00,12:00,21:00,-,-,-,-,-,-,-,-
755,파라다이스 부근(파라다이스 예식장 건너편),구마로,128.532016,35.8373619,7,달서구,촬영간격 - 10분  (토  일  공휴일 O  점심시간 유예없음),7:00,-,21:00,-,7:00,-,21:00,-,7:00,-,21:00,-
756,상인자이아파트 앞네거리( 101동 부근),월서로,128.5303118,35.82003606,7,달서구,촬영간격 - 10분  (~21:00 인도 대각 이중),9:00,14:00,12:00,21:00,-,-,-,-,-,-,-,-
757,성당래미안 앞 네거리 부근(성당래미안 e-편한세상),장기로,128.5468487,35.84348748,7,달서구,촬영간격 - 10분  (~21:00 인도 대각 이중),9:00,14:00,12:00,21:00,-,-,-,-,-,-,-,-
758,월성협성휴포레 옆 삼거리(e편한세상 월배아파트-월성월드메르디앙아파트),조암로10길,128.5222742,35.82629982,7,달서구,촬영간격 - 10분,9:00,14:00,12:00,18:00,-,-,-,-,-,-,-,-
759,월배2차아이파크아파트 (현대아이파크 2차-월배쌍용예가아파트 사이 삼거리),조암로,128.5144136,35.81798231,7,달서구,촬영간격 - 10분,9:00,14:00,12:00,18:00,-,-,-,-,-,-,-,-
760,장기동 협성 휴포레 부근,장기로,128.5324063,35.84364802,7,달서구,촬영간격 - 10분,9:00,14:00,12:00,18:00,-,-,-,-,-,-,-,-
761,월성CGV(월성동 이래타워),조암로5길,128.5271373,35.82500719,7,달서구,촬영간격 - 10분  (시온교회 07~18  CGV대로변 09~21  월배새마을금고 09~18),7:00,14:00,12:00,21:00,-,-,-,-,-,-,-,-
762,본리동우체국 앞,당산로,128.54482,35.84073876,7,달서구,촬영간격 - 10분,7:00,14:00,12:00,21:00,-,-,-,-,-,-,-,-
763,효성초등학교 앞,송현로,128.5440755,35.82457032,7,달서구,촬영간격 - 5분  스쿨존 유예 12:00~13:00,7:00,14:00,12:00,21:00,-,-,-,-,-,-,-,-
764,이곡초등학교 앞,선원남로,128.5133452,35.85718609,7,달서구,촬영간격 - 10분  스쿨존 유예 12:00~13:00,7:00,14:00,12:00,21:00,-,-,-,-,-,-,-,-
765,성지초등학교 앞,새동네로,128.5181423,35.85236431,7,달서구,촬영간격 - 10분  스쿨존 유예 12:00~13:00,8:00,14:00,12:00,20:00,-,-,-,-,-,-,-,-
766,신우부동산 앞(안상규벌꿀),달구벌대로,128.5324825,35.84948398,7,달서구,촬영간격 - 10분,7:00,14:00,12:00,21:00,-,-,-,-,-,-,-,-
767,현대오일뱅크 앞(하나은행),달구벌대로,128.5351057,35.84977743,7,달서구,촬영간격 - 10분,7:00,14:00,12:00,21:00,-,-,-,-,-,-,-,-
768,대우월드마크 E-1 충전소(103동 진입로 서편),와룡로33길,128.5359877,35.84715029,7,달서구,촬영간격 - 5분  (18:00~21:00 충전소앞이중만),9:00,14:00,12:00,21:00,-,-,-,-,-,-,-,-
769,월성네거리 부근(월성네거리 서편상가),조암로,128.5289098,35.8259478,7,달서구,촬영간격 - 10분  (시온교회쪽 18시까지),9:00,14:00,12:00,21:00,-,-,-,-,-,-,-,-
770,한샘공원 부근,월암로,128.5177141,35.81955895,7,달서구,촬영간격 - 10분,7:00,14:00,12:00,21:00,-,-,-,-,-,-,-,-
771,호산초등학교 부근,달서대로109길,128.4781117,35.84972496,7,달서구,촬영간격 - 10분  스쿨존 유예 12:00~13:00,7:00,14:00,12:00,21:00,-,-,-,-,-,-,-,-
772,한솔초등학교 부근,조암남로,128.5165517,35.81649651,7,달서구,촬영간격 - 10분  스쿨존 유예 12:00~13:00,9:00,14:00,12:00,18:00,-,-,-,-,-,-,-,-
773,가톨릭정형외과 앞,월배로,128.5496179,35.82867616,7,달서구,촬영간격 - 10분,7:00,14:00,12:00,21:00,-,-,-,-,-,-,-,-
774,MG새마을금고 앞(송현새마을금고 본점),월배로,128.5470995,35.82570996,7,달서구,촬영간격 - 10분,7:00,14:00,12:00,21:00,-,-,-,-,-,-,-,-
775,모다아울렛 뒤편,성서공단로15길,128.4910461,35.83645888,7,달서구,촬영간격 - 5분,13:00,-,21:00,-,-,-,-,-,-,-,-,-
776,모다아울렛 다이나핏,달서대로85길,128.4910444,35.83822713,7,달서구,촬영간격 - 5분,13:00,-,21:00,-,-,-,-,-,-,-,-,-
777,모다아울렛 회전교차로,달서대로85길,128.4904103,35.83727656,7,달서구,촬영간격 - 10분  (인도 대각 이중),9:00,14:00,12:00,18:00,-,-,-,-,-,-,-,-
778,성산초등학교 앞,선원남로,128.518725,35.85707459,7,달서구,촬영간격 - 10분  스쿨존 유예 12:00~13:00,7:00,14:00,12:00,21:00,-,-,-,-,-,-,-,-
779,조암네거리,조암로,128.5182575,35.82175161,7,달서구,촬영간격 - 10분,7:00,14:00,12:00,19:00,-,-,-,-,-,-,-,-
780,서부지법 앞네거리,장산남로,128.5284699,35.85214777,7,달서구,촬영간격 - 10분,9:00,14:00,12:00,18:00,-,-,-,-,-,-,-,-
781,성서홈플러스 주차장 입구,달구벌대로291길,128.5253782,35.84958843,7,달서구,촬영간격 - 10분  (토 일 공휴일 09:00~18:00),7:00,14:00,12:00,21:00,9:00,14:00,12:00,18:00,9:00,14:00,12:00,18:00
782,파호초등학교 부근,달서대로109안길,128.4822221,35.84984308,7,달서구,촬영간격 - 10분  스쿨존 유예 12:00~13:00,7:00,14:00,12:00,21:00,-,-,-,-,-,-,-,-
783,본리동 복권방 건너,대명천로,128.5362461,35.84180066,7,달서구,촬영간격 - 5분  (토 일 공휴일 O),7:00,14:00,12:00,21:00,7:00,14:00,12:00,21:00,7:00,14:00,12:00,21:00
784,월성마을마당공원부근,상원로,128.526861,35.82306156,7,달서구,촬영간격 - 10분  (10:00~17:00 4대불법만단속),10:00,14:00,12:00,17:00,-,-,-,-,-,-,-,-
785,삼일병원 네거리,학산로,128.5543766,35.83372962,7,달서구,촬영간격 - 10분,7:00,14:00,12:00,21:00,-,-,-,-,-,-,-,-
786,농협 하나로마트 성서점,용산로,128.5304575,35.85048697,7,달서구,촬영간격 - 10분  (토 일 공휴일 O),7:00,14:00,12:00,21:00,7:00,14:00,12:00,21:00,7:00,14:00,12:00,21:00
787,성서 로얄팰리스 부근,성서로,128.50709,35.85299061,7,달서구,촬영간격 - 10분,7:00,14:00,12:00,21:00,-,-,-,-,-,-,-,-
788,장기동 코오롱하늘채아파트 부근,용산로12길,128.5359595,35.84257572,7,달서구,촬영간격 - 10분,9:00,14:00,12:00,18:00,-,-,-,-,-,-,-,-
789,장기초등학교 부근,장기로,128.5284424,35.84366027,7,달서구,촬영간격 - 10분  스쿨존 유예 12:00~13:00,7:00,14:00,12:00,18:00,-,-,-,-,-,-,-,-
790,대천성당 부근,조암남로32길,128.5169676,35.81877434,7,달서구,촬영간격 - 10분,7:00,14:00,12:00,21:00,-,-,-,-,-,-,-,-
791,시온교회 부근,조암로5길,128.5273032,35.82445566,7,달서구,촬영간격 - 10분,7:00,14:00,12:00,18:00,-,-,-,-,-,-,-,-
792,와룡시장네거리 부근,성서서로,128.4999272,35.85557974,7,달서구,촬영간격 - 10분,7:00,14:00,12:00,21:00,-,-,-,-,-,-,-,-
793,달서구보건소 건너,학산로,128.5313721,35.82988444,7,달서구,촬영간격 - 10분,7:00,14:00,12:00,21:00,-,-,-,-,-,-,-,-
794,수목원서한이다음아파트 앞,한실로6길,128.5327074,35.8001964,7,달서구,촬영간격 - 10분,8:00,14:00,12:00,21:00,-,-,-,-,-,-,-,-
795,수목원제일풍경채아파트 뒤,갈밭남로,128.5289162,35.79712862,7,달서구,촬영간격 - 10분  (상가 뒤 도로 단속유예),7:00,14:00,12:00,21:00,-,-,-,-,-,-,-,-
796,대곡공원 앞,갈밭로,128.528163,35.80660639,7,달서구,촬영간격 - 10분,7:00,14:00,12:00,21:00,-,-,-,-,-,-,-,-
797,월배라온프라이빗 아파트 부근,월배로33길,128.5294162,35.81740063,7,달서구,촬영간격 - 10분  (월배초 담까지 단속),8:00,14:00,12:00,20:00,-,-,-,-,-,-,-,-
798,성서경찰서 교차로 부근,이곡동로,128.5095957,35.85398816,7,달서구,촬영간격 - 10분,7:00,14:00,12:00,20:30,-,-,-,-,-,-,-,-
799,최정유치원 앞 (성서초등학교 부근),성서동로,128.513314,35.85255399,7,달서구,촬영간격 - 10분  스쿨존 유예 12:00~13:00,7:00,14:00,12:00,21:00,-,-,-,-,-,-,-,-
7100,송현동 마트프라임 앞 (남부교육지원청 부근),학산로,128.5484106,35.83386738,7,달서구,촬영간격 - 10분,7:00,14:00,12:00,21:00,-,-,-,-,-,-,-,-
7101,와룡초등학교 부근,선원남로,128.502786,35.857374,7,달서구,촬영간격 - 10분  스쿨존 유예 12:00~13:00,8:00,14:00,12:00,20:00,-,-,-,-,-,-,-,-
7102,송일초등학교 부근,학산로2길,128.5340622,35.82364954,7,달서구,촬영간격 - 10분  스쿨존 유예 12:00~13:00,8:00,14:00,12:00,20:00,-,-,-,-,-,-,-,-
7103,웨딩비엔나 앞,달구벌대로,128.5666762,35.86055873,7,달서구,촬영간격 - 10분  (토 일 공휴일 O  점심시간유예없음),9:00,-,18:00,-,9:00,-,18:00,-,9:00,-,18:00,-
7104,성지초등학교 후문 부근,새동네로,128.5178937,35.85372953,7,달서구,촬영간격 - 10분  스쿨존 유예 12:00~13:00,7:00,14:00,12:00,18:00,-,-,-,-,-,-,-,-
7105,대곡초등학교 부근,도원남로,128.5353075,35.80415222,7,달서구,촬영간격 - 10분  (도원네거리쪽 유예시간ㅇ  18시까지)  스쿨존 유예 12:00~13:00,8:00,14:00,12:00,20:00,-,-,-,-,-,-,-,-
7106,용전초등학교 부근,용산로,128.5306832,35.86032625,7,달서구,촬영간격 - 10분  스쿨존 유예 12:00~13:00,8:00,14:00,12:00,20:00,-,-,-,-,-,-,-,-
7107,장산초등학교 부근,장산로,128.5268381,35.85397768,7,달서구,촬영간격 - 10분  스쿨존 유예 12:00~13:00,8:00,14:00,12:00,20:00,-,-,-,-,-,-,-,-
7108,본리초등학교,장기로,128.5395722,35.84354226,7,달서구,촬영간격 - 10분  스쿨존 유예 12:00~13:00,8:00,14:00,12:00,20:00,-,-,-,-,-,-,-,-
7109,삼성명가 정문,호산로,128.474737,35.84981622,7,달서구,촬영간격 - 10분,7:00,14:00,12:00,21:00,-,-,-,-,-,-,-,-
21,혁신도시상가네거리,이노밸리로,128.7145193,35.87886828,2,동구,토 공휴일 포함,7:00,-,20:00,-,7:00,-,20:00,-,7:00,-,20:00,-
22,안심역 코오롱하늘채 북쪽1,안심로90길,128.7335409,35.86865908,2,동구,,7:00,-,20:00,-,-,-,-,-,-,-,-,-
23,K2 입구,아양로,128.645122,35.89466842,2,동구,,7:00,-,20:00,-,-,-,-,-,-,-,-,-
25,노비아갈라웨딩뒷편,동촌로11길,128.6514333,35.88900254,2,동구,토 공휴일 포함,7:00,-,20:00,-,7:00,-,20:00,-,7:00,-,20:00,-
24,태왕동촌역르네상스,동촌로16길,128.6519743,35.8871869,2,동구,토 공휴일 포함,7:00,-,20:00,-,7:00,-,20:00,-,7:00,-,20:00,-
29,대구은행강촌지점,화랑로80길,128.6683666,35.87555501,2,동구,토 공휴일 포함,7:00,-,20:00,-,7:00,-,20:00,-,7:00,-,20:00,-
28,동촌농협방촌지점,동촌로45길,128.6651238,35.88168892,2,동구,토 공휴일 포함,7:00,-,20:00,-,7:00,-,20:00,-,7:00,-,20:00,-
27,방촌시장,동촌로,128.6649285,35.88160237,2,동구,,7:00,-,20:00,-,-,-,-,-,-,-,-,-
210,우방강촌마을 건너,화랑로,128.6699137,35.87654248,2,동구,,7:00,-,20:00,-,-,-,-,-,-,-,-,-
26,퀸벨예식장,동촌로42길,128.6622472,35.88178884,2,동구,,7:00,-,20:00,-,-,-,-,-,-,-,-,-
213,국제학교 사거리,팔공로50길,128.6436718,35.92153286,2,동구,,7:00,-,20:00,-,-,-,-,-,-,-,-,-
216,메가박스삼거리,팔공로49길,128.6354299,35.92105112,2,동구,토 공휴일 포함,7:00,-,20:00,-,7:00,-,20:00,-,7:00,-,20:00,-
215,이시아더샾 3차 정문앞,팔공로51길,128.639095,35.92318012,2,동구,,7:00,-,20:00,-,-,-,-,-,-,-,-,-
212,이시아롯데아울렛남문,팔공로49길,128.6373418,35.92104039,2,동구,토 공휴일 포함,7:00,-,20:00,-,7:00,-,20:00,-,7:00,-,20:00,-
211,이시아롯데아울렛북문,팔공로51길,128.6373618,35.92206686,2,동구,,7:00,-,20:00,-,-,-,-,-,-,-,-,-
214,이시아롯데아울렛삼거리,팔공로49길,128.6393495,35.9215369,2,동구,토 공휴일 포함,7:00,-,20:00,-,7:00,-,20:00,-,7:00,-,20:00,-
217,한국폴리텍대학섬유캠퍼스,팔공로,128.6424767,35.92051606,2,동구,,7:00,-,20:00,-,-,-,-,-,-,-,-,-
219,불로고분군 입구,팔공로31길,128.6411597,35.91294048,2,동구,,7:00,-,20:00,-,-,-,-,-,-,-,-,-
218,불로서한이다음,공항로,128.6306649,35.90076702,2,동구,,7:00,-,20:00,-,-,-,-,-,-,-,-,-
221,반야월로부근,반야월로,128.703422,35.87285616,2,동구,,7:00,-,20:00,-,-,-,-,-,-,-,-,-
220,안심1동행정복지센터,율하동로,128.7022826,35.8702723,2,동구,,7:00,-,20:00,-,-,-,-,-,-,-,-,-
228,강동초등학교,동호로,128.7308623,35.8673136,2,동구,,7:00,-,20:00,-,-,-,-,-,-,-,-,-
227,서원킹스밀,첨단로,128.7301047,35.87815909,2,동구,토 공휴일 포함,7:00,-,20:00,-,7:00,-,20:00,-,7:00,-,20:00,-
222,송정삼거리 반야월농협,동내로,128.7330352,35.87205119,2,동구,,7:00,-,20:00,-,-,-,-,-,-,-,-,-
223,신서 신일해피트리 북쪽,반야월로,128.7309732,35.8717343,2,동구,,7:00,-,20:00,-,-,-,-,-,-,-,-,-
226,이마트반야월점,안심로,128.7268008,35.8701628,2,동구,토 공휴일 포함,7:00,-,20:00,-,7:00,-,20:00,-,7:00,-,20:00,-
224,칼라디움웨딩앞,안심로,128.7313896,35.87045175,2,동구,토 공휴일 포함,7:00,-,20:00,-,7:00,-,20:00,-,7:00,-,20:00,-
225,코스트코삼거리,혁신대로,128.7298456,35.87614423,2,동구,,7:00,-,20:00,-,-,-,-,-,-,-,-,-
232,대구은행동구청지점,아양로39길,128.6351155,35.88602658,2,동구,,7:00,-,20:00,-,-,-,-,-,-,-,-,-
239,동대구역맞이주차장입구,동대구로,128.6267258,35.87959208,2,동구,버스전용차로단속겸용,7:00,-,22:00,-,-,-,-,-,-,-,-,-
238,동대구역앞,동대구로,128.6269973,35.87827369,2,동구,,7:00,-,22:00,-,-,-,-,-,-,-,-,-
240,동대구지하도부근,신암남로,128.628206,35.88061221,2,동구,토 공휴일 포함,7:00,-,22:00,-,7:00,-,22:00,-,7:00,-,22:00,-
241,동신새마을금고,신암로,128.6105712,35.87962941,2,동구,토 공휴일 포함,7:00,-,20:00,-,7:00,-,20:00,-,7:00,-,20:00,-
230,신성교 네거리,신암로12길,128.6087447,35.87613346,2,동구,,7:00,-,20:00,-,-,-,-,-,-,-,-,-
235,신암2동우체국,신암로16길,128.6089696,35.87834188,2,동구,,7:00,-,20:00,-,-,-,-,-,-,-,-,-
229,신암뜨란채,아양로7길,128.6169682,35.88274024,2,동구,,7:00,-,20:00,-,-,-,-,-,-,-,-,-
234,신암북로 오거리,신암북로,128.6266088,35.88828217,2,동구,토 공휴일 포함,7:00,-,20:00,-,7:00,-,20:00,-,7:00,-,20:00,-
242,우방아이유쉘,송라로28길,128.6166748,35.87968685,2,동구,,7:00,-,20:00,-,-,-,-,-,-,-,-,-
231,이안 동대구 아파트 후문,신암남로,128.6181544,35.87797702,2,동구,,7:00,-,20:00,-,-,-,-,-,-,-,-,-
236,축협부근,동북로,128.6231952,35.89188194,2,동구,토 공휴일 포함,7:00,-,20:00,-,7:00,-,20:00,-,7:00,-,20:00,-
233,큰고개오거리,동북로,128.6332675,35.88547726,2,동구,토 공휴일 포함,7:00,-,20:00,-,7:00,-,20:00,-,7:00,-,20:00,-
237,평화시장,아양로,128.6213447,35.88271395,2,동구,토 공휴일 포함,7:00,-,20:00,-,7:00,-,20:00,-,7:00,-,20:00,-
243,성동고가교,효신로,128.6299149,35.8793902,2,동구,,7:00,-,22:00,-,-,-,-,-,-,-,-,-
256,(구) 중앙고속,동부로26길,128.6270488,35.87565126,2,동구,,7:00,-,20:00,-,-,-,-,-,-,-,-,-
255,경북일보건너,동대구로,128.6254945,35.87292315,2,동구,토 공휴일 포함,7:00,-,20:00,-,7:00,-,20:00,-,7:00,-,20:00,-
244,대구은행 신암육교지점,아양로,128.6185431,35.88206454,2,동구,토 공휴일 포함,7:00,-,20:00,-,7:00,-,20:00,-,7:00,-,20:00,-
251,동부소방서건너,동부로21길,128.6245221,35.87623667,2,동구,토 공휴일 포함,7:00,-,20:00,-,7:00,-,20:00,-,7:00,-,20:00,-
259,메리어트,동부로26길,128.6277966,35.8737803,2,동구,,7:00,-,20:00,-,-,-,-,-,-,-,-,-
253,복합환승센터앞,동부로,128.6309366,35.87775928,2,동구,,7:00,-,22:00,-,-,-,-,-,-,-,-,-
246,송라시장,동부로,128.6148175,35.87410177,2,동구,,7:00,-,20:00,-,-,-,-,-,-,-,-,-
249,신세계백화점 건너,동부로,128.6286059,35.87706949,2,동구,토 공휴일 포함,7:00,-,22:00,-,7:00,-,22:00,-,7:00,-,22:00,-
252,신세계백화점 앞,동부로,128.6289412,35.8772976,2,동구,토 공휴일 포함,7:00,-,22:00,-,7:00,-,22:00,-,7:00,-,22:00,-
258,신창건축앞,효신로,128.6329038,35.87636667,2,동구,토 공휴일 포함,7:00,-,20:00,-,7:00,-,20:00,-,7:00,-,20:00,-
245,신천3동주민센터,장등로,128.6231389,35.87566951,2,동구,토 공휴일 포함,7:00,-,20:00,-,7:00,-,20:00,-,7:00,-,20:00,-
257,신천동서멘션,국채보상로155길,128.6145033,35.8692159,2,동구,,7:00,-,20:00,-,-,-,-,-,-,-,-,-
250,전문건설회관부근,화랑로,128.6332235,35.87081653,2,동구,토 공휴일 포함,7:00,-,20:00,-,7:00,-,20:00,-,7:00,-,20:00,-
254,지식서비스센터건너,동대구로,128.6256174,35.87493565,2,동구,,7:00,-,20:00,-,-,-,-,-,-,-,-,-
247,현대시티아울렛정문,동대구로,128.6260978,35.87010803,2,동구,,7:00,-,20:00,-,-,-,-,-,-,-,-,-
248,현대시티아울렛후문,동부로22길,128.6269121,35.87190244,2,동구,토 공휴일 포함,7:00,-,20:00,-,7:00,-,20:00,-,7:00,-,20:00,-
260,각산역,안심로,128.7247791,35.86807042,2,동구,,7:00,-,20:00,-,-,-,-,-,-,-,-,-
263,반야월초등학교,안심로49길,128.7105653,35.86889739,2,동구,토 공휴일 포함,7:00,-,20:00,-,7:00,-,20:00,-,7:00,-,20:00,-
264,안일초등학교,율하동로23길,128.6947611,35.87063093,2,동구,토 공휴일 포함,7:00,-,20:00,-,7:00,-,20:00,-,7:00,-,20:00,-
261,중앙신체검사소사거리,첨복로,128.7330884,35.87759656,2,동구,토 공휴일 포함,7:00,-,20:00,-,7:00,-,20:00,-,7:00,-,20:00,-
262,코오롱하늘채 입구,금강로21길,128.7327508,35.86632651,2,동구,토 공휴일 포함,7:00,-,20:00,-,7:00,-,20:00,-,7:00,-,20:00,-
265,율하 엘크루 아파트,안심로7길,128.6911106,35.87152709,2,동구,,7:00,-,20:00,-,-,-,-,-,-,-,-,-
266,(구)제이스호텔,동부로26길,128.6279543,35.8759401,2,동구,토 공휴일 포함,7:00,-,20:00,-,7:00,-,20:00,-,7:00,-,20:00,-
268,롯데아울렛,율하서로,128.6931476,35.86785041,2,동구,토 공휴일 포함,7:00,-,20:00,-,7:00,-,20:00,-,7:00,-,20:00,-
267,율하 안아주아파트,안심로16길,128.693852,35.8664093,2,동구,토 공휴일 포함,7:00,-,20:00,-,7:00,-,20:00,-,7:00,-,20:00,-
271,율하역네거리,안심로,128.6927792,35.86977807,2,동구,토 공휴일 포함,7:00,-,20:00,-,7:00,-,20:00,-,7:00,-,20:00,-
273,타임스퀘어,안심로22길,128.6941822,35.86373321,2,동구,,7:00,-,20:00,-,-,-,-,-,-,-,-,-
272,휴먼시아 15단지 부근,범안로,128.691593,35.86986809,2,동구,,7:00,-,20:00,-,-,-,-,-,-,-,-,-
269,휴먼시아5단지,율하서로,128.6915617,35.86534614,2,동구,,7:00,-,20:00,-,-,-,-,-,-,-,-,-
270,휴먼시아7단지,안심로22길,128.6979118,35.86344373,2,동구,,7:00,-,20:00,-,-,-,-,-,-,-,-,-
276,공항공영주차장앞,방천로,128.6379621,35.89761805,2,동구,토 공휴일 포함,7:00,-,20:00,-,7:00,-,20:00,-,7:00,-,20:00,-
274,대구공항 1번 출입구,공항로,128.6377716,35.89947504,2,동구,토 공휴일 포함,7:00,-,20:00,-,7:00,-,20:00,-,7:00,-,20:00,-
275,대구공항 순환도로 남쪽,공항로,128.6372278,35.89894208,2,동구,토 공휴일 포함,7:00,-,20:00,-,7:00,-,20:00,-,7:00,-,20:00,-
280,경북수협네거리,동부로,128.6317567,35.87790528,2,동구,토 공휴일 포함,7:00,-,22:00,-,7:00,-,22:00,-,7:00,-,22:00,-
279,동구시장,효목로,128.6393628,35.87466092,2,동구,,7:00,-,20:00,-,-,-,-,-,-,-,-,-
278,동구시장 북편,효목로,128.6395476,35.87593987,2,동구,토 공휴일 포함,7:00,-,20:00,-,7:00,-,20:00,-,7:00,-,20:00,-
281,현대자동차동신대리점,효신로,128.6335767,35.87584956,2,동구,,7:00,-,20:00,-,-,-,-,-,-,-,-,-
277,효목지하차도부근,효목로,128.6420385,35.88001487,2,동구,,7:00,-,20:00,-,-,-,-,-,-,-,-,-
284,큰고개역앞,신암남로,128.6321043,35.88434297,2,동구,토 공휴일 포함,7:00,-,20:00,-,7:00,-,20:00,-,7:00,-,20:00,-
283,동구시장입구,화랑로25길,128.6402493,35.87393544,2,동구,,7:00,-,20:00,-,-,-,-,-,-,-,-,-
282,초례봉입구,이노밸리로,128.7206374,35.87779405,2,동구,토 공휴일 포함,7:00,-,20:00,-,7:00,-,20:00,-,7:00,-,20:00,-
61,LEL어학원 앞,달구벌대로,128.6334875,35.85875154,6,수성구,허용시간 - 10분  1.5톤 이하 15분이내 허용 22:30까지 단속,7:00,13:00,12:00,23:00,9:00,-,21:00,-,9:00,-,21:00,-
62,SK리더스뷰 남편 입구,동대구로15길,128.6235959,35.83764877,6,수성구,허용시간 - 10분  청수로(골목안) 20:00까지 단속,7:00,13:00,12:00,22:00,-,-,-,-,-,-,-,-
63,SK리더스뷰 동편 전방,동대구로,128.6236786,35.83824788,6,수성구,허용시간 - 10분,7:00,13:00,12:00,22:00,-,-,-,-,-,-,-,-
64,SK리더스뷰 북편 전방,청수로,128.6232564,35.83976733,6,수성구,허용시간 - 10분,7:00,14:00,11:30,22:00,-,-,-,-,-,-,-,-
65,고산 신한은행 앞,달구벌대로,128.7084059,35.83953564,6,수성구,허용시간 - 10분  1.5톤 이하 15분이내 허용,7:00,14:00,12:00,20:00,-,-,-,-,-,-,-,-
66,남부상가,달구벌대로,128.6401921,35.85871937,6,수성구,허용시간 - 10분,7:00,13:00,12:00,23:00,9:00,-,21:00,-,9:00,-,21:00,-
67,농협 황금동지점 앞,청수로,128.6292669,35.83900944,6,수성구,허용시간 - 10분  1.5톤 이하 15분이내 허용,7:00,14:00,11:30,20:00,7:00,-,20:00,-,7:00,-,20:00,-
68,대우트럼프월드,동대구로,128.6235026,35.83649285,6,수성구,허용시간 - 20분,7:00,14:00,12:00,21:00,-,-,-,-,-,-,-,-
69,동대구농협 앞,달구벌대로,128.6346699,35.85894023,6,수성구,허용시간 - 10분  1.5톤 이하 15분이내 허용,7:00,13:00,12:00,23:00,9:00,-,21:00,-,9:00,-,21:00,-
610,마크팰리스-1,달구벌대로,128.6273818,35.86063174,6,수성구,허용시간 - 10분,7:00,13:00,12:00,21:00,-,-,-,-,-,-,-,-
611,마크팰리스-2,달구벌대로,128.6278449,35.86061367,6,수성구,허용시간 - 10분,7:00,13:00,12:00,21:00,-,-,-,-,-,-,-,-
612,매트로팔레스 전방,동원로,128.6362957,35.87058279,6,수성구,허용시간 - 10분,7:00,13:00,12:00,20:00,-,-,-,-,-,-,-,-
613,목련시장 주변,용학로,128.6315318,35.82149415,6,수성구,허용시간 - 10분  시장앞(12:00 ~13:00)  2단지 용지초(09:00 ~17:30)  복선구간 허용시간 단속,7:00,-,21:00,-,-,-,-,-,-,-,-,-
614,관계삼거리,범안로,128.6501064,35.81912347,6,수성구,허용시간 - 10분,7:00,13:00,12:00,20:00,-,-,-,-,-,-,-,-
615,범어 삼성쉐르빌,청호로84길,128.6404358,35.8544084,6,수성구,허용시간 - 10분,8:00,13:00,13:00,19:00,-,-,-,-,-,-,-,-
616,범어네거리 우리은행 앞,달구벌대로,128.6243643,35.85934712,6,수성구,허용시간 - 10분,7:00,13:00,12:00,23:00,9:00,-,21:00,-,9:00,-,21:00,-
617,범어라온프라이빗,명덕로,128.6235497,35.85387867,6,수성구,허용시간 - 10분,7:00,13:00,12:00,21:00,-,-,-,-,-,-,-,-
618,범어성당 앞,동대구로55길,128.6231702,35.85469113,6,수성구,허용시간 - 10분,7:00,13:00,12:00,21:00,-,-,-,-,-,-,-,-
619,범어약국(수성구청역) 앞,달구벌대로,128.6363179,35.85868076,6,수성구,허용시간 - 10분  1.5톤 이하 15분이내 허용,7:00,13:00,12:00,23:00,9:00,-,21:00,-,9:00,-,21:00,-
620,브라운스톤(범어네거리),동대구로,128.6292967,35.86144224,6,수성구,허용시간 - 10분,7:00,13:00,12:00,21:00,-,-,-,-,-,-,-,-
621,사월역 3번 출구,달구벌대로,128.7157048,35.83680021,6,수성구,허용시간 - 10분  1.5톤 이하 15분이내 허용,7:00,14:00,12:00,20:00,-,-,-,-,-,-,-,-
622,사월역 파인누리(푸르지오),달구벌대로659길,128.717765,35.83749263,6,수성구,허용시간 - 10분,8:00,14:00,12:00,19:00,-,-,-,-,-,-,-,-
623,삼성라이온즈파크 앞,달구벌대로,128.6820688,35.84196486,6,수성구,허용시간 - 10분,7:00,13:00,12:00,22:00,-,-,-,-,-,-,-,-
624,삼성라이온즈파크 건너,달구벌대로,128.6811291,35.84255193,6,수성구,허용시간 - 10분,7:00,13:00,12:00,22:00,-,-,-,-,-,-,-,-
625,삼환나우빌 북편 입구,달구벌대로471길,128.6200291,35.8631573,6,수성구,허용시간 - 10분,7:00,13:00,12:00,20:00,-,-,-,-,-,-,-,-
626,성동초교 정문 옆,청수로45길,128.633025,35.84152943,6,수성구,허용시간 - 15분,7:30,13:00,12:00,20:00,-,-,-,-,-,-,-,-
627,성삼병원 앞,달구벌대로,128.7059696,35.84046013,6,수성구,허용시간 - 10분  1.5톤 이하 15분이내 허용,7:00,14:00,12:00,20:00,-,-,-,-,-,-,-,-
628,대구교육청 부근,수성로76길,128.6139965,35.85737846,6,수성구,허용시간 - 30분,7:30,14:00,12:00,21:00,-,-,-,-,-,-,-,-
629,수성2차 e편한세상 북편1,달구벌대로526길,128.6485243,35.85623348,6,수성구,허용시간 - 10분,8:00,13:00,13:00,21:00,-,-,-,-,9:00,-,18:00,-
630,수성2차 e편한세상 북편2,달구벌대로526안길,128.648845,35.85660835,6,수성구,허용시간 - 10분  놀이터(평일등하교시간만 단속) 07:00~09:00/16:00~18:00,8:00,13:00,13:00,21:00,-,-,-,-,9:00,-,18:00,-
631,수성구청역 LG전자 앞,범어로,128.6356863,35.8589665,6,수성구,허용시간 - 10분,7:00,13:00,12:00,23:00,9:00,-,21:00,-,9:00,-,21:00,-
632,수성시장 주변,명덕로,128.615506,35.85438882,6,수성구,허용시간 - 10분,9:00,13:00,13:00,18:00,-,-,-,-,-,-,-,-
633,수성하이츠 앞,수성로,128.6141561,35.86133684,6,수성구,허용시간 - 20분  수성로쪽 점심시간14:00까지,7:00,13:00,12:00,20:00,-,-,-,-,-,-,-,-
634,신매광장,신매로19길,128.7067383,35.83940437,6,수성구,허용시간 - 10분,9:00,13:00,13:00,21:00,9:00,-,21:00,-,9:00,-,21:00,-
635,신매시장 앞,신매로,128.7089307,35.83794748,6,수성구,허용시간 - 20분  1.5톤이하 15분이내허용(시장건너)  즉시단속구간 지정 2019  복선1분단속시행신매초등학교,8:00,-,21:00,-,8:00,-,21:00,-,8:00,-,21:00,-
636,안심약국 주변,달구벌대로,128.637275,35.85872296,6,수성구,허용시간 - 10분  1.5톤 이하 15분이내 허용,7:00,13:00,12:00,23:00,9:00,-,21:00,-,9:00,-,21:00,-
637,자금성,동대구로25길,128.6239922,35.84179664,6,수성구,허용시간 - 20분  골목안 20:00까지 단속,7:00,13:00,12:00,22:00,-,-,-,-,-,-,-,-
638,지산프라자 정민약국 앞,지범로,128.6390135,35.82157823,6,수성구,허용시간 - 10분,7:00,13:00,12:00,20:00,-,-,-,-,-,-,-,-
639,청구네거리 청운신협 건너,들안로,128.6182298,35.86715018,6,수성구,허용시간 - 10분  1.5톤 이하 15분이내 허용  청운신협~sk주유소,7:00,14:00,12:00,21:00,-,-,-,-,-,-,-,-
640,킹덤오피스텔 앞,동대구로,128.6271315,35.86519151,6,수성구,허용시간 - 10분,7:00,13:00,12:00,22:00,-,-,-,-,-,-,-,-
641,하여가,청수로,128.6201698,35.84024132,6,수성구,허용시간 - 20분  골목안 20:00까지 단속,7:00,14:00,11:30,21:00,-,-,-,-,-,-,-,-
642,한우황금시대,청수로25길,128.6224773,35.84006352,6,수성구,허용시간 - 20분  골목안 20:00까지 단속,7:00,14:00,11:30,21:00,-,-,-,-,-,-,-,-
643,화성쌍용타운 앞(수성4가동),수성로,128.614287,35.86239435,6,수성구,허용시간 - 10분  1.4톤 이하 15분이내 허용  코오롱아인슈타인유치원,7:00,14:00,12:00,20:00,-,-,-,-,-,-,-,-
644,화성파크드림 2단지,들안로64길,128.6191014,35.85872582,6,수성구,허용시간 - 20분,8:00,13:00,13:00,21:00,-,-,-,-,-,-,-,-
645,수성동3가 화성파크드림 1단지 남편,들안로60길,128.6192565,35.85707576,6,수성구,허용시간 - 10분,7:00,14:00,12:00,21:00,-,-,-,-,-,-,-,-
646,성원넥서스  코오롱아울렛 앞,화랑로,128.6328298,35.87005823,6,수성구,허용시간 - 10분,7:00,14:00,12:00,21:00,-,-,-,-,-,-,-,-
647,법원맞은편 서울보증보험 앞,동대구로,128.626582,35.86253828,6,수성구,허용시간 - 10분,7:00,14:00,12:00,21:00,-,-,-,-,-,-,-,-
648,동성초등학교 수성문구센터 앞,수성로,128.6134243,35.85352867,6,수성구,허용시간 - 30분,7:00,14:00,12:00,18:00,-,-,-,-,-,-,-,-
649,만촌동 바른등신경외과,화랑로,128.6373458,35.87254066,6,수성구,허용시간 - 15분,7:00,14:00,12:00,20:00,-,-,-,-,-,-,-,-
650,수성롯데캐슬더퍼스트,수성로69길,128.6106372,35.85609366,6,수성구,허용시간 - 15분,7:00,14:00,12:00,21:00,-,-,-,-,-,-,-,-
651,중앙초등학교,만촌로,128.641117,35.87031421,6,수성구,허용시간 - 20분,7:30,14:00,12:00,19:00,-,-,-,-,-,-,-,-
652,신매우체국 앞,고산로,128.7048505,35.84070582,6,수성구,허용시간 - 10분,7:00,16:00,12:00,21:00,-,-,-,-,-,-,-,-
653,수성못 올리브영 앞,수성못길,128.6220379,35.82642679,6,수성구,허용시간 - 10분  1.5톤 이하 15분이내 허용,7:00,13:00,12:00,22:00,7:00,-,22:00,-,7:00,-,22:00,-
654,수성못 관광정보센터 앞,수성못길,128.6215487,35.82844081,6,수성구,허용시간 - 10분,7:00,13:00,12:00,22:00,7:00,-,22:00,-,7:00,-,22:00,-
655,불교한방병원 앞,용학로,128.6239355,35.82389962,6,수성구,허용시간 - 10분,7:00,13:00,12:00,22:00,7:00,-,22:00,-,7:00,-,22:00,-
656,지산2동행정복지센터 인근,용학로,128.6281206,35.82252143,6,수성구,허용시간 - 20분  즉시단속구간 지정,7:00,14:00,12:00,21:00,7:00,-,21:00,-,7:00,-,21:00,-
657,범어해링턴,청호로,128.6400932,35.85524383,6,수성구,허용시간 - 10분,7:00,14:00,11:00,20:00,-,-,-,-,-,-,-,-
658,만촌역 1번 출구(만촌네거리),달구벌대로,128.6440911,35.85897253,6,수성구,허용시간 - 10분  1.5톤 이하 15분이내 허용,7:00,13:00,12:00,23:00,9:00,-,21:00,-,9:00,-,21:00,-
659,수성대학교,달구벌대로,128.6510314,35.8562052,6,수성구,허용시간 - 10분,7:00,14:00,12:00,21:00,9:00,-,18:00,-,9:00,-,18:00,-
660,새마을금고 만촌지점 앞,달구벌대로,128.6472515,35.85823923,6,수성구,허용시간 - 10분,7:00,13:00,12:00,21:00,9:00,-,21:00,-,9:00,-,21:00,-
661,수성의료지구-1,알파시티1로40길,128.6821413,35.83730923,6,수성구,허용시간 - 10분,9:00,13:00,13:00,18:00,9:00,-,18:00,-,9:00,-,18:00,-
662,수성의료지구-2,알파시티1로,128.6887035,35.8388759,6,수성구,허용시간 - 10분,9:00,13:00,13:00,18:00,9:00,-,18:00,-,9:00,-,18:00,-
663,수성의료지구-3,알파시티1로,128.6861755,35.83892933,6,수성구,허용시간 - 10분,9:00,13:00,13:00,18:00,9:00,-,18:00,-,9:00,-,18:00,-
664,수성의료지구-4,알파시티2로,128.6928,35.83930634,6,수성구,허용시간 - 10분,9:00,14:00,12:00,18:00,-,-,-,-,-,-,-,-
665,수성의료지구-5,알파시티2로,128.6969952,35.83543684,6,수성구,허용시간 - 10분,9:00,14:00,12:00,18:00,-,-,-,-,-,-,-,-
666,선스포츠프라자 부근,달구벌대로496길,128.6366595,35.85090615,6,수성구,허용시간 - 10분,7:30,13:00,12:00,22:00,7:30,-,22:00,-,7:30,-,22:00,-
667,새국민약국 앞,화랑로,128.6344122,35.87166129,6,수성구,허용시간 - 30분,7:30,14:00,12:00,21:00,14:00,-,18:00,-,14:00,-,18:00,-
668,삼풍아파트 앞,용학로,128.6128483,35.82603426,6,수성구,허용시간 - 10분,7:00,13:00,12:00,22:00,7:00,-,22:00,-,7:00,-,22:00,-
669,신매광장 동편,신매로19길,128.7079548,35.83866142,6,수성구,허용시간 - 10분,9:00,13:00,13:00,21:00,9:00,-,21:00,-,9:00,-,21:00,-
670,범어 센트럴푸르지오 서편,범어천로,128.6225958,35.8602174,6,수성구,허용시간 - 10분,7:00,14:00,12:00,22:00,7:00,-,22:00,-,7:00,-,22:00,-
671,범어 센트럴푸르지오 북편,상록로,128.6226458,35.86143329,6,수성구,허용시간 - 10분  단속시간 - 상록로 07:00~20:00  범어천로 07:00~22:00,7:00,14:00,12:00,22:00,7:00,-,22:00,-,7:00,-,22:00,-
672,범어 센트럴푸르지오 동편,상록로,128.6239748,35.86049312,6,수성구,허용시간 - 10분  1.5톤 이하 15분이내 허용,7:00,14:00,12:00,20:00,-,-,-,-,-,-,-,-
673,황금한우국밥,청수로24길,128.6213618,35.83993928,6,수성구,허용시간 - 10분,7:00,14:00,12:00,22:00,-,-,-,-,-,-,-,-
674,샛터어린이공원,청수로24길,128.6211534,35.83771101,6,수성구,허용시간 - 10분,8:00,14:00,12:00,18:00,-,-,-,-,-,-,-,-
675,중동 효성해링턴플레이스 북편,희망로20길,128.6092295,35.84715911,6,수성구,허용시간 - 10분,8:00,14:00,12:00,20:00,-,-,-,-,-,-,-,-
676,중동 효성해링턴플레이스 동편,희망로24길,128.6115429,35.84702955,6,수성구,허용시간 - 10분,8:00,14:00,12:00,20:00,-,-,-,-,-,-,-,-
677,중동 효성해링턴플레이스 남편,수성로43길,128.6113873,35.84521954,6,수성구,허용시간 - 10분  중동어린이집,8:00,14:00,12:00,20:00,-,-,-,-,-,-,-,-
678,제일빌딩 앞,달구벌대로,128.6416553,35.85891754,6,수성구,허용시간 - 10분  1.5톤이하 15분허용,7:00,13:00,12:00,23:00,9:00,-,21:00,-,9:00,-,21:00,-
679,송원학원 앞,달구벌대로,128.6381138,35.85889209,6,수성구,허용시간 - 10분  1.5톤이하 15분허용,7:00,13:00,12:00,23:00,9:00,-,21:00,-,9:00,-,21:00,-
680,삼성화재 앞,동대구로,128.6266318,35.86566472,6,수성구,허용시간 - 10분,7:00,13:00,12:00,22:00,-,-,-,-,-,-,-,-
681,수성시장 남편,들안로,128.6171549,35.85523467,6,수성구,허용시간 - 60분  버스정류장/인도 : 5분  대각/이중주차 : 10분,7:00,14:00,12:00,20:30,7:00,14:00,12:00,20:30,7:00,14:00,12:00,20:30
682,수성시장 북편,들안로,128.6172231,35.85593409,6,수성구,허용시간 - 60분  버스정류장/인도 : 5분  대각/이중주차 : 10분,7:00,14:00,12:00,20:30,7:00,14:00,12:00,20:30,7:00,14:00,12:00,20:30
683,세종빌딩 앞,달구벌대로,128.7077612,35.84007897,6,수성구,허용시간 - 10분  1.4톤이하15분허용,7:00,14:00,12:00,20:00,-,-,-,-,-,-,-,-
684,고산도서관 앞,달구벌대로,128.7105602,35.83853952,6,수성구,허용시간 - 10분  1.5톤 이하 15분이내 허용,7:00,14:00,12:00,20:00,-,-,-,-,-,-,-,-
685,두산스포츠 앞,용학로25길,128.6257616,35.82661041,6,수성구,허용시간 - 10분,7:00,13:00,12:00,22:00,7:00,-,22:00,-,7:00,-,22:00,-
686,동일초등학교 북편,들안로,128.6174281,35.85840924,6,수성구,허용시간 - 20분,7:00,14:00,12:00,20:00,-,-,-,-,-,-,-,-
687,범어서한포레스트 북편,동대구로,128.6270301,35.86144395,6,수성구,허용시간 - 10분,7:00,13:00,12:00,22:00,-,-,-,-,-,-,-,-
688,범어서한포레스트 남편,동대구로,128.6268806,35.86072302,6,수성구,허용시간 - 10분,7:00,13:00,12:00,22:00,-,-,-,-,-,-,-,-
689,동천초교 앞,상록로16길,128.6259324,35.86604542,6,수성구,허용시간 - 5분  양방향 (노란선없어도부과),8:00,13:00,12:00,18:00,-,-,-,-,-,-,-,-
690,범어초교 앞,달구벌대로489길,128.6333095,35.85967212,6,수성구,허용시간 - 5분  실선 복선만 부과,8:00,13:00,12:00,18:00,-,-,-,-,-,-,-,-
691,동도초교 앞,동대구로57길,128.6246509,35.85612907,6,수성구,허용시간 - 5분,8:00,13:00,12:00,18:00,-,-,-,-,-,-,-,-
692,노변초교 앞,노변공원로,128.6982982,35.83786949,6,수성구,허용시간 - 5분(즉시),8:00,13:00,12:00,18:00,-,-,-,-,-,-,-,-
693,사월초교 앞,달구벌대로656길,128.7151354,35.83450397,6,수성구,허용시간 - 5분,8:00,13:00,12:00,18:00,-,-,-,-,-,-,-,-
694,서민갈비 앞,들안로,128.6168173,35.83021819,6,수성구,허용시간 - 10분,7:00,14:00,12:00,18:00,-,-,-,-,-,-,-,-
695,놀부부대찌개 앞,들안로,128.6168062,35.832545,6,수성구,허용시간 - 10분,7:00,14:00,12:00,18:00,-,-,-,-,-,-,-,-
696,경북정육16번집 앞,들안로,128.6168053,35.83413194,6,수성구,허용시간 - 10분,7:00,14:00,12:00,18:00,-,-,-,-,-,-,-,-
697,보약장어 앞,들안로,128.6167092,35.83456122,6,수성구,허용시간 - 10분,7:00,14:00,12:00,18:00,-,-,-,-,-,-,-,-
698,라라코스트 앞,들안로,128.6166976,35.83294634,6,수성구,허용시간 - 10분,7:00,14:00,12:00,18:00,-,-,-,-,-,-,-,-
699,남강회초밥 앞,들안로,128.6166904,35.83114834,6,수성구,허용시간 - 10분,7:00,14:00,12:00,18:00,-,-,-,-,-,-,-,-
6100,수성하늘채르레브,지범로48길,128.6440704,35.81593451,6,수성구,허용시간 - 10분,8:00,14:00,12:00,20:00,-,-,-,-,-,-,-,-
6101,범어네거리 클래시아(범어역3번출구),달구벌대로480길,128.6252594,35.85868273,6,수성구,허용시간 - 5분,7:00,13:00,12:00,23:00,7:00,-,23:00,-,7:00,-,23:00,-
6102,범어더리브스퀘어,국채보상로162길,128.6194718,35.86367369,6,수성구,허용시간 - 10분,8:00,14:00,12:00,21:00,-,-,-,-,-,-,-,-
6103,힐스테이트범어 동편,달구벌대로504길,128.6382118,35.85739924,6,수성구,허용시간 - 10분,7:30,14:00,12:00,21:00,-,-,-,-,-,-,-,-
6104,힐스테이트범어 서편,범어로18길,128.6358224,35.85712343,6,수성구,허용시간 - 10분,7:30,14:00,12:00,21:00,7:30,-,21:00,-,7:30,-,21:00,-
6105,범어에일린의뜰 북편,청솔로22길,128.6229488,35.85325053,6,수성구,허용시간 - 10분,9:00,14:00,12:00,21:00,9:00,-,21:00,-,9:00,-,21:00,-
6106,범어에일린의뜰 남편,청솔로14길,128.6221052,35.85120435,6,수성구,허용시간 - 10분  아파트방향 외 단속시간 09:00~18:00,9:00,14:00,12:00,21:00,9:00,-,21:00,-,9:00,-,21:00,-
6107,범어에일린의뜰 남서편,청솔로14길,128.6207149,35.85129674,6,수성구,허용시간 - 10분,9:00,14:00,12:00,21:00,9:00,-,21:00,-,9:00,-,21:00,-
6108,범어에일린의뜰 북서편,청솔로,128.6208884,35.85337546,6,수성구,허용시간 - 10분  복선구간 외 단속시간 09:0~21:00  진출입 복선구간은 토.공휴일 단속 제외,9:00,14:00,12:00,21:00,9:00,-,21:00,-,9:00,-,21:00,-
6109,범어화산샬레 앞,달구벌대로504길,128.6385626,35.85402648,6,수성구,허용시간 - 10분,7:30,14:00,12:00,21:00,-,-,-,-,-,-,-,-
6110,두산오거리(감동애),지범로,128.6241764,35.82852745,6,수성구,허용시간 - 10분,7:00,14:00,12:00,22:00,7:00,-,22:00,-,7:00,-,22:00,-
41,대명시장,명덕로,128.5771316,35.85880779,4,남구,촬영간격 - 10분,9:00,14:00,12:00,18:00,-,-,-,-,-,-,-,-
42,서부정류장,월배로,128.5570609,35.83690294,4,남구,촬영간격 - 2분-택시,9:00,14:00,12:00,18:00,-,-,-,-,-,-,-,-
43,우리은행,월배로,128.5563,35.8357975,4,남구,촬영간격 - 2분-택시,9:00,14:00,12:00,18:00,-,-,-,-,-,-,-,-
44,관문시장,대명서로,128.5564897,35.83495421,4,남구,촬영간격 - 10분,9:00,14:00,12:00,18:00,-,-,-,-,-,-,-,-
45,봉덕시장,봉덕로,128.603063,35.84458189,4,남구,촬영간격 - 10분,9:00,14:00,12:00,18:00,-,-,-,-,-,-,-,-
46,안지랑네거리,대명로,128.575743,35.83899265,4,남구,촬영간격 - 10분,9:00,14:00,12:00,18:00,-,-,-,-,-,-,-,-
47,성당시장-1,성당로,128.572515,35.85037738,4,남구,촬영간격 - 10분,9:00,14:00,12:00,18:00,-,-,-,-,-,-,-,-
48,성당시장-2,성당로,128.5709292,35.84942045,4,남구,촬영간격 - 10분,9:00,14:00,12:00,18:00,-,-,-,-,-,-,-,-
49,대구은행(대명동지점),중앙대로,128.5904176,35.84677797,4,남구,촬영간격 - 10분,9:00,14:00,12:00,18:00,-,-,-,-,-,-,-,-
410,명덕시장 앞(일성전기  영대병원역),대명로,128.5881514,35.84425028,4,남구,촬영간격 - 10분,9:00,14:00,12:00,18:00,-,-,-,-,-,-,-,-
411,계명대 대명동캠퍼스,현충로,128.5829739,35.85523765,4,남구,촬영간격 - 10분,9:00,14:00,12:00,18:00,-,-,-,-,-,-,-,-
412,안지랑역(4번출구)인근,대명로,128.5749895,35.83921015,4,남구,촬영간격 - 10분,9:00,14:00,12:00,18:00,-,-,-,-,-,-,-,-
413,효성백년가약,봉덕로,128.6042217,35.84519885,4,남구,촬영간격 - 10분,9:00,14:00,12:00,18:00,-,-,-,-,-,-,-,-
414,강변코오롱하늘채,대봉로,128.6051993,35.84321579,4,남구,촬영간격 - 10분,9:00,14:00,12:00,18:00,-,-,-,-,-,-,-,-
415,보성청록타운,큰골길,128.5868189,35.83381123,4,남구,촬영간격 - 10분,9:00,14:00,12:00,18:00,-,-,-,-,-,-,-,-
416,환경차고지,큰골길,128.5884008,35.83237061,4,남구,촬영간격 - 10분,9:00,14:00,12:00,18:00,-,-,-,-,-,-,-,-
417,영대병원 정문 앞,중앙대로,128.5890879,35.84611469,4,남구,촬영간격 - 10분,9:00,14:00,12:00,18:00,-,-,-,-,-,-,-,-
418,남구보건소,중앙대로,128.5907326,35.85391071,4,남구,촬영간격 - 10분,9:00,14:00,12:00,18:00,-,-,-,-,-,-,-,-
419,동서프라임 삼거리,이천로,128.5951599,35.85056031,4,남구,촬영간격 - 10분,9:00,14:00,12:00,18:00,-,-,-,-,-,-,-,-
420,앞산공원관리사무소,앞산순환로,128.58896,35.82964706,4,남구,촬영간격 - 10분,9:00,14:00,12:00,18:00,8:00,14:00,12:00,17:00,8:00,14:00,12:00,17:00
421,고산골 입구,용두길,128.6045185,35.83366582,4,남구,촬영간격 - 10분,9:00,14:00,12:00,18:00,8:00,14:00,12:00,17:00,8:00,14:00,12:00,17:00
422,삼원빌라 앞,용두길,128.604241,35.83190468,4,남구,촬영간격 - 10분,9:00,14:00,12:00,18:00,-,-,-,-,-,-,-,-
423,봉덕한라하운젠트,봉덕로,128.5993722,35.84672644,4,남구,촬영간격 - 10분,9:00,14:00,12:00,18:00,-,-,-,-,-,-,-,-
424,부산약국 앞 사거리,대명로,128.5713713,35.83947908,4,남구,촬영간격 - 10분,9:00,14:00,12:00,18:00,-,-,-,-,-,-,-,-
425,대명역(세아타워) 인근,대명로,128.5645311,35.8393414,4,남구,촬영간격 - 10분,9:00,14:00,12:00,18:00,-,-,-,-,-,-,-,-
426,또이스치킨 앞(동대명지구대),양지로,128.5792416,35.85135798,4,남구,촬영간격 - 10분,9:00,14:00,12:00,18:00,-,-,-,-,-,-,-,-
427,마니아 건물 앞,이천로,128.5981386,35.84369721,4,남구,촬영간격 - 10분,9:00,14:00,12:00,18:00,-,-,-,-,-,-,-,-
428,대덕교 뒤편,앞산순환로,128.5899995,35.82854977,4,남구,촬영간격 - 10분,9:00,14:00,12:00,18:00,8:00,14:00,12:00,17:00,8:00,14:00,12:00,17:00
429,면사무소 식당 앞,용두길,128.6039433,35.83086003,4,남구,촬영간격 - 10분,-,-,-,-,8:00,-,17:00,-,8:00,-,17:00,-
430,봉덕119안전센터 앞 삼거리,희망로,128.5995534,35.84892635,4,남구,촬영간격 - 10분,9:00,14:00,12:00,18:00,-,-,-,-,-,-,-,-
431,세븐일레븐 앞 삼거리,봉덕로,128.5948865,35.84519516,4,남구,촬영간격 - 10분,9:00,14:00,12:00,18:00,-,-,-,-,-,-,-,-
432,군성공인중개사앞,중앙대로,128.5898722,35.85098358,4,남구,촬영간격 - 10분,9:00,14:00,12:00,18:00,-,-,-,-,-,-,-,-
433,안경콘텍트앞,현충로,128.5831771,35.85418532,4,남구,촬영간격 - 10분,9:00,14:00,12:00,18:00,-,-,-,-,-,-,-,-
434,우야지막창 앞,대명로,128.5586629,35.83773581,4,남구,촬영간격 - 10분,9:00,14:00,12:00,18:00,-,-,-,-,-,-,-,-
435,용궁복어 입구,현충로,128.579945,35.83691325,4,남구,촬영간격 - 10분,9:00,14:00,12:00,18:00,-,-,-,-,-,-,-,-
436,캠프워크후문 교차로,대명로,128.5830189,35.84142236,4,남구,촬영간격 - 10분,9:00,14:00,12:00,18:00,-,-,-,-,-,-,-,-
437,대구대입구 전용주차장앞,성당로,128.5741022,35.85513183,4,남구,촬영간격 - 10분,9:00,14:00,12:00,18:00,-,-,-,-,-,-,-,-
438,신천동로 자전거교육장 앞,신천동로,128.6080725,35.84922477,4,남구,촬영간격 - 10분,9:00,14:00,12:00,18:00,-,-,-,-,-,-,-,-
439,대명초등학교 옆,대명로,128.5695972,35.83939317,4,남구,촬영간격 - 10분,9:00,14:00,12:00,18:00,-,-,-,-,-,-,-,-
440,봉덕 화성파크드림 앞,봉덕로,128.6049537,35.84257523,4,남구,촬영간격 - 10분,9:00,14:00,12:00,18:00,-,-,-,-,-,-,-,-
441,봉덕초등학교 앞(스쿨죤),효성로,128.5987426,35.83853747,4,남구,촬영간격 - 10분,9:00,14:00,12:00,18:00,-,-,-,-,-,-,-,-
442,대구중학교 앞(스쿨죤),대봉로,128.6037656,35.84911379,4,남구,촬영간격 - 10분,9:00,14:00,12:00,18:00,-,-,-,-,-,-,-,-
443,앞산삼정그린코아트라이시티,대명역길,128.5612768,35.83771126,4,남구,촬영간격 - 10분,9:00,14:00,12:00,18:00,-,-,-,-,-,-,-,-
444,앞산비스타동원아파트앞,신촌길,128.6030003,35.8394912,4,남구,촬영간격 - 10분,9:00,14:00,12:00,18:00,-,-,-,-,-,-,-,-
445,영선노인복지센터앞,이천로,128.5944929,35.85241856,4,남구,촬영간격 - 10분,9:00,14:00,12:00,18:00,-,-,-,-,-,-,-,-
446,교대역 월드메르디앙 부근,이천로,128.5957005,35.85182969,4,남구,촬영간격 - 10분,9:00,14:00,12:00,18:00,-,-,-,-,-,-,-,-
81,반도유보라사거리,과학마을로4길,128.419018,35.65570013,8,달성군,,7:30,-,20:00,-,-,-,-,-,-,-,-,-
82,구지중학교삼거리,국가산단대로70길,128.4191072,35.66119758,8,달성군,구지중학교 앞  세현초  세현유치원 부근,7:30,-,20:00,-,-,-,-,-,-,-,-,-
83,논공서경여행사,논공로9길,128.444689,35.72893568,8,달성군,세븐일레븐 앞,7:30,-,20:00,-,-,-,-,-,-,-,-,-
84,논공평광1 2차,논공로9길,128.443434,35.73042699,8,달성군,평광현대아파트 105동 앞,7:30,-,20:00,-,-,-,-,-,-,-,-,-
85,다사죽곡우리은행(죽곡초 일부),달구벌대로174길,128.464136,35.85838374,8,달성군,우리은행 죽곡점 앞,7:30,-,20:00,-,7:30,-,17:00,-,-,-,-,-
86,다사초등학교,다사로,128.4583336,35.86785374,8,달성군,다사초등학교 앞 삼거리 부근,7:30,-,20:00,-,-,-,-,-,-,-,-,-
87,대실역,대실역남로,128.465425,35.85723711,8,달성군,대실역 2번출구 부근,7:30,-,20:00,-,-,-,-,-,-,-,-,-
88,매곡사거리,달구벌대로,128.459237,35.86265408,8,달성군,맘스터치앞,7:30,-,20:00,-,7:30,-,20:00,-,7:30,-,20:00,-
89,서동초등학교 삼거리,궁산1길,128.4895352,35.87155062,8,달성군,서동초삼거리,7:30,-,20:00,-,-,-,-,-,-,-,-,-
810,서재보성아파트 앞,서재로,128.4969415,35.87579174,8,달성군,서재보성아파트 교차로,7:30,-,20:00,-,-,-,-,-,-,-,-,-
811,서재중학교(서재초 일부),서재로,128.4974142,35.87367542,8,달성군,롯데슈퍼 앞 서재중학교 입구 사거리,7:30,-,20:00,-,-,-,-,-,-,-,-,-
812,세천초등학교,세천로,128.4807023,35.87499167,8,달성군,세천초교 입구 앞 육교,7:30,-,20:00,-,-,-,-,-,-,-,-,-
813,왕선초등학교 사거리,대실역북로,128.4643755,35.86373502,8,달성군,서남왕족발 앞,7:30,-,20:00,-,-,-,-,-,-,-,-,-
814,죽곡농협지점앞,대실역북로2길,128.4667349,35.85807409,8,달성군,삼영메디빌딩 앞 부근,7:30,-,20:00,-,-,-,-,-,-,-,-,-
815,죽곡다이소 앞,달구벌대로,128.4637548,35.85923136,8,달성군,다이소 부근,7:30,-,20:00,-,-,-,-,-,-,-,-,-
816,죽곡청아람4단지(대실초 일부),대실역남로,128.4643818,35.85465639,8,달성군,,7:30,-,20:00,-,-,-,-,-,-,-,-,-
817,죽곡초등학교,죽곡1길,128.4636971,35.85695167,8,달성군,죽곡초등학교 정문 앞 부근,7:30,-,20:00,-,-,-,-,-,-,-,-,-
818,죽곡하우젠트아너스빌 입구,대실역북로1길,128.46443,35.86014979,8,달성군,죽곡하우젠트아너스빌 입구,7:30,-,20:00,-,-,-,-,-,-,-,-,-
819,죽곡휴먼시아1단지,대실역북로1길,128.4662553,35.85853332,8,달성군,죽곡휴먼시아 1단지 정문 앞 부근,7:30,-,20:00,-,-,-,-,-,-,-,-,-
820,문양역앞,문양역길,128.4380248,35.86435394,8,달성군,문양역 앞,7:30,-,20:00,-,9:00,-,17:00,-,9:00,-,17:00,-
821,매곡초 삼거리,대실역북로3길,128.4676397,35.86240579,8,달성군,,7:30,-,20:00,-,-,-,-,-,-,-,-,-
822,옥포 천년나무 2단지 앞(강림초일부),돌미로2길,128.4382923,35.7793134,8,달성군,천년나무2단지 부근,7:30,-,20:00,-,-,-,-,-,-,-,-,-
823,옥포대성베르힐 4단지,돌미로,128.4425418,35.78109636,8,달성군,베르힐4단지 앞 삼거리,7:30,-,20:00,-,-,-,-,-,-,-,-,-
824,옥포초등학교,비슬로,128.4627213,35.78836221,8,달성군,옥포한의원 앞 삼거리,7:30,-,20:00,-,-,-,-,-,-,-,-,-
825,대구은행 테크노폴리스점(유가초일부),테크노북로9길,128.4639111,35.69362932,8,달성군,비슬사거리,7:30,-,20:00,-,-,-,-,-,-,-,-,-
826,유가읍행정복지센터 후문(비슬초앞),테크노북로6길,128.4600834,35.69498521,8,달성군,유가읍행복복지센터 후문,7:30,-,20:00,-,-,-,-,-,-,-,-,-
827,유가초등학교 앞,테크노대로5길,128.4667714,35.69173455,8,달성군,유가초등학교 앞,7:30,-,20:00,-,-,-,-,-,-,-,-,-
828,유가파출소,테크노상업로,128.4607827,35.69364535,8,달성군,유가파출소 앞,7:30,-,20:00,-,-,-,-,-,-,-,-,-
829,포산북사거리,테크노중앙대로,128.457881,35.69349797,8,달성군,테크노폴리스 하이젠스타 앞,7:30,-,20:00,-,-,-,-,-,-,-,-,-
830,포산중학교(비슬초 뒤),테크노북로5길,128.4607596,35.69693717,8,달성군,포산중학교 앞 사거리 부근,7:30,-,20:00,-,-,-,-,-,-,-,-,-
831,유가사거리,테크노중앙대로1길,128.4527074,35.67490761,8,달성군,유가사거리,7:30,-,20:00,-,-,-,-,-,-,-,-,-
832,유가사입구 사거리,테크노북로9길,128.4696915,35.69359839,8,달성군,,7:30,-,20:00,-,-,-,-,-,-,-,-,-
833,달성경찰서주변,현풍중앙로,128.4465971,35.69201949,8,달성군,달성경찰서 옆 부근,7:30,-,20:00,-,-,-,-,-,-,-,-,-
834,비슬초(고래들)사거리,테크노북로,128.4576409,35.69692626,8,달성군,고래들사거리,7:30,-,20:00,-,-,-,-,-,-,-,-,-
835,현풍 천년나무 삼거리,테크노북로4길,128.4559696,35.69356026,8,달성군,제일풍경채  천년나무3단지,7:30,-,20:00,-,-,-,-,-,-,-,-,-
836,현풍농협,현풍중앙로,128.4435808,35.69720588,8,달성군,현풍 농협 앞 부근,7:30,-,20:00,-,-,-,-,-,-,-,-,-
837,현풍다이소 앞,테크노대로2길,128.4490091,35.68902777,8,달성군,중리사거리,7:30,-,20:00,-,7:30,-,20:00,-,7:30,-,20:00,-
838,현풍시외버스터미널,현풍중앙로,128.4415065,35.69959833,8,달성군,더나은병원 앞 부근-군민체육관근처,7:30,-,20:00,-,-,-,-,-,-,-,-,-
839,현풍축산농협,현풍중앙로,128.4453204,35.6946738,8,달성군,달성축산농협 앞 부근,7:30,-,20:00,-,-,-,-,-,-,-,-,-
840,강동연합병원앞,사문진로,128.4963508,35.80409619,8,달성군,화원강동연합병원 앞,7:30,-,20:00,-,-,-,-,-,-,-,-,-
841,대곡역,비슬로,128.5120109,35.80932007,8,달성군,대곡역 1번출구 부근,7:30,-,20:00,-,-,-,-,-,-,-,-,-
842,명곡네거리(명곡초 앞),명곡로,128.4965787,35.79786373,8,달성군,명곡우체국 대각선 건너,7:30,-,20:00,-,-,-,-,-,-,-,-,-
843,명곡미래빌5단지 후문,화암로,128.4934765,35.79688295,8,달성군,명곡미래빌5단지 후문,7:30,-,20:00,-,-,-,-,-,-,-,-,-
844,화남초등학교,인흥길,128.4995624,35.79983999,8,달성군,명곡미래빌 1단지 후문 앞 부근,7:30,-,20:00,-,-,-,-,-,-,-,-,-
845,화동초등학교,성암로,128.5101061,35.80015839,8,달성군,화동초등학교 정문 앞 부근,7:30,-,20:00,-,-,-,-,-,-,-,-,-
846,화원교앞,비슬로509길,128.4951737,35.8024567,8,달성군,화원이진캐스빌 상가앞,7:30,-,20:00,-,-,-,-,-,-,-,-,-
847,화원읍 사무소 앞,비슬로,128.4998839,35.80401338,8,달성군,화원읍 사무소 앞,7:30,-,20:00,-,-,-,-,-,-,-,-,-
51,읍내동 동아아울렛(강북서적),구암로,128.5510246,35.93236733,5,북구,구간 (롯데리아 ↔ 코스모스아파트 )  설치일자 - 2006-04-14,7:00,-,20:00,-,10:00,-,17:00,-,10:00,-,17:00,-
52,태전동 네오시티프라자,칠곡로,128.548349,35.93140473,5,북구,구간 (네오시티플라자↔ 팔공한의원)  설치일자 - 2006-04-14,7:00,-,20:00,-,10:00,-,17:00,-,10:00,-,17:00,-
53,노원동 엠 병원,팔달로,128.5658073,35.88918562,5,북구,구간 (팔달신협↔ 덕인한의원 )  설치일자 - 2007-04-02,7:00,-,20:00,-,10:00,-,17:00,-,10:00,-,17:00,-
54,산격시장 농협,동북로,128.610183,35.89957857,5,북구,구간 (산격시장 )  설치일자 - 2007-04-02,7:00,-,20:00,-,10:00,-,17:00,-,10:00,-,17:00,-
55,산격시장 대구은행,동북로,128.6117164,35.89887814,5,북구,구간 (산격시장 )  설치일자 - 2007-04-02,7:00,-,20:00,-,10:00,-,17:00,-,10:00,-,17:00,-
56,칠성시장,신암로,128.6060384,35.87558766,5,북구,구간 (칠성교 네거리 ↔ 대백주방 )  설치일자 - 2007-04-02,7:00,-,20:00,-,10:00,-,17:00,-,10:00,-,17:00,-
57,검단동 유성아파트,검단로,128.6200013,35.90674336,5,북구,구간 (유성아파트 )  설치일자 - 2007-04-02,7:00,-,20:00,-,10:00,-,17:00,-,10:00,-,17:00,-
58,대현동 강남약국,신암로,128.6107197,35.87993809,5,북구,구간 (동대구시장 ↔ 이디다스 )  설치일자 - 2007-04-02,7:00,-,20:00,-,10:00,-,17:00,-,10:00,-,17:00,-
59,태전동 시외버스하차장,칠곡로,128.5479179,35.93005246,5,북구,구간 (제중원한약방 ↔ SK대리점 )  설치일자 - 2007-04-02,7:00,-,20:00,-,10:00,-,17:00,-,10:00,-,17:00,-
510,태전동 보건대,영송로,128.5443299,35.92713515,5,북구,구간 (피쉬앤그릴 ↔ 보건대 입구 )  설치일자 - 2007-04-02,7:00,-,20:00,-,10:00,-,17:00,-,10:00,-,17:00,-
511,대현동 동대구시장,대현로,128.6095022,35.8824669,5,북구,구간 (동대구시장 ↔ 늘푸른아파트 )  설치일자 - 2008-06-16,7:00,-,20:00,-,10:00,-,17:00,-,10:00,-,17:00,-
512,동천동 참약국,학정로,128.5635601,35.94308443,5,북구,구간 (신한은행 ↔ 그린파크사우나 )  설치일자 - 2008-06-16,7:00,-,20:00,-,10:00,-,17:00,-,10:00,-,17:00,-
513,동천동 동신빌딩,동암로,128.5625672,35.94421474,5,북구,구간 (시너스 ↔ 그린파크사우나 )  설치일자 - 2008-06-16,7:00,-,20:00,-,-,-,-,-,-,-,-,-
514,산격동 경대북문,대학로,128.6088041,35.89213655,5,북구,구간 (경대북문 )  설치일자 - 2008-06-16,7:00,-,20:00,-,10:00,-,17:00,-,10:00,-,17:00,-
515,매천동 강북컨벤션웨딩,칠곡로,128.5472825,35.90156143,5,북구,구간 (대구북부화물터미널 ↔ 강북컨벤션웨딩)  설치일자 - 2008-06-16,7:00,-,20:00,-,10:00,-,17:00,-,10:00,-,17:00,-
516,복현동 시티병원,동북로,128.6198401,35.89367861,5,북구,구간 (북대구농협 ↔ 쌍용자동차 )  설치일자 - 2008-06-16,7:00,-,20:00,-,10:00,-,17:00,-,10:00,-,17:00,-
517,팔달신시장 오내과,노원로,128.5651157,35.89118156,5,북구,구간 (현대자동차 ↔ 팔달신시장 )  설치일자 - 2008-06-16,7:00,-,20:00,-,10:00,-,17:00,-,10:00,-,17:00,-
518,태전동 M&M 빌딩(세종학원),칠곡로,128.5466853,35.92222345,5,북구,구간 (팔공산맥 ↔ 태전삼거리 )  설치일자 - 2008-06-16,7:00,-,20:00,-,10:00,-,17:00,-,10:00,-,17:00,-
519,태전동 원대새마을금고,칠곡로,128.5476461,35.9272789,5,북구,구간 (현대자동차 ↔ 디지털플라자 )  설치일자 - 2008-06-16,7:00,-,20:00,-,10:00,-,17:00,-,10:00,-,17:00,-
520,팔달동 대구수산시장,매천로,128.5416501,35.90088757,5,북구,구간 (수산시장 ↔ 제일상가 )  설치일자 - 2008-06-16,7:00,-,20:00,-,10:00,-,17:00,-,10:00,-,17:00,-
521,노원동 독일약국(중앙당),팔달로,128.5690531,35.88871511,5,북구,구간 (독일약국 ↔ 국민은행 )  설치일자 - 2008-06-16,7:00,-,20:00,-,10:00,-,17:00,-,10:00,-,17:00,-
522,동천동 신한은행,학정로,128.5635084,35.9426757,5,북구,구간 (칠곡농협 ↔ 하나은행 )  설치일자 - 2008-06-16,7:00,-,20:00,-,10:00,-,17:00,-,10:00,-,17:00,-
523,관음동 한영정형외과,칠곡로,128.5487798,35.93529241,5,북구,구간 (국민은행 ↔ 대구은행 )  설치일자 - 2008-06-16,7:00,-,20:00,-,10:00,-,17:00,-,10:00,-,17:00,-
524,서변동 행운보석,호국로,128.5992228,35.92085695,5,북구,구간 (대성빌딩 ↔ 제일빌딩 )  설치일자 - 2008-06-16,7:00,-,20:00,-,10:00,-,17:00,-,10:00,-,17:00,-
525,구암동 대구은행,학정로,128.5637704,35.94319741,5,북구,구간 (롯데리아↔ 파크랜드 )  설치일자 - 2008-06-16,7:00,-,20:00,-,10:00,-,17:00,-,10:00,-,17:00,-
526,복현동 KB,동북로,128.6170855,35.89583404,5,북구,구간 (골든타워프라자 ↔ 복현육교 )  설치일자 - 2008-06-16,7:00,-,20:00,-,10:00,-,17:00,-,10:00,-,17:00,-
527,태전동 관음타운 상가,영송로,128.5444461,35.93074674,5,북구,구간 (메이플유치원 ↔ 대구과학대 )  설치일자 - 2008-06-16,7:00,-,20:00,-,10:00,-,17:00,-,10:00,-,17:00,-
528,침산동 본죽,침산로,128.5908154,35.88986439,5,북구,구간 (딩컴 ↔ 침산네거리 )  설치일자 - 2008-06-16,7:00,-,20:00,-,10:00,-,17:00,-,10:00,-,17:00,-
529,농수산물도매시장(1문),매천로18길,128.5445505,35.90382738,5,북구,구간 (농수산물도매시장정문 ↔ 후문 )  설치일자 - 2010-02-19,7:00,-,20:00,-,10:00,-,17:00,-,10:00,-,17:00,-
530,농수산물도매시장(3문),매천로18길,128.5426633,35.90405331,5,북구,구간 (농수산물도매시장후문 ↔ 정문 )  설치일자 - 2010-02-19,7:00,-,20:00,-,10:00,-,17:00,-,10:00,-,17:00,-
531,칠성동2가 대성시장,공평로,128.6012803,35.87584893,5,북구,구간 (대성시장 ↔ 칠성지하도 )  설치일자 - 2008-06-16,7:00,-,20:00,-,10:00,-,17:00,-,10:00,-,17:00,-
532,침산동 매일천막,칠성시장로,128.6005014,35.8855138,5,북구,구간 (옥산의원 ↔ 옥산빌라 )  설치일자 - 2008-06-16,7:00,-,20:00,-,10:00,-,17:00,-,10:00,-,17:00,-
533,농협중앙회 구암지점,구암로,128.5565942,35.93166422,5,북구,구간 (동천교 ↔ 한국농어촌공사 경북지역본부)  설치일자 - 2012-06-28,7:00,-,20:00,-,10:00,-,17:00,-,10:00,-,17:00,-
534,매천삼거리,매천로,128.5421085,35.90893909,5,북구,구간 (칠곡농협 매천지점 ↔ 화성파크드림104동 화성파크드림101동 ↔ 화성빌딩)  설치일자 - 2012-06-28,7:00,-,20:00,-,10:00,-,17:00,-,10:00,-,17:00,-
535,동천동 회전교차로,동천로,128.5607868,35.94288279,5,북구,구간 (정소아과 ↔ 세븐밸리 raracost ↔ Barista-b)  설치일자 - 2013-06-10,7:00,-,20:00,-,10:00,-,17:00,-,10:00,-,17:00,-
536,경북대 북문 건너편,대학로,128.6092427,35.89253337,5,북구,구간 (카페 파스쿠찌 ↔ NH농협 경북대지점 대구은행 경대지점 ↔ 경대북문앞 버스정류소)  설치일자 - 2013-06-10,7:00,-,20:00,-,10:00,-,17:00,-,10:00,-,17:00,-
537,경북대 정문,경대로,128.6141228,35.8849338,5,북구,구간 (경북대 정문)  설치일자 - 2014-06-19,7:00,-,20:00,-,10:00,-,17:00,-,10:00,-,17:00,-
538,해오름식육식당(누리민물),칠성남로,128.6048317,35.8761258,5,북구,구간 (칠성네거리↔칠성교네거리)  설치일자 - 2015-02-13,7:00,-,20:00,-,10:00,-,17:00,-,10:00,-,17:00,-
539,오륙민물수산,칠성시장로,128.6045198,35.87576942,5,북구,구간 (칠성네거리↔칠성지하차도)  설치일자 - 2015-02-13,7:00,-,20:00,-,10:00,-,17:00,-,10:00,-,17:00,-
540,거창식당,칠성시장로,128.6034161,35.87726584,5,북구,구간 (칠성119안전센터↔칠성네거리)  설치일자 - 2015-02-13,7:00,-,20:00,-,10:00,-,17:00,-,10:00,-,17:00,-
541,대학로13길,대학로,128.6076451,35.89304399,5,북구,구간 (세븐일레븐↔부광탁구장)  설치일자 - 2016-09-06,11:00,-,20:00,-,11:00,-,20:00,-,11:00,-,20:00,-
542,대학로15길,대학로,128.60822,35.89306898,5,북구,구간 (낭만쭈꾸미↔에이플러스할인마트)  설치일자 - 2016-09-06,11:00,-,20:00,-,11:00,-,20:00,-,11:00,-,20:00,-
543,산격3동 치안센터,대학로,128.6088386,35.89360832,5,북구,구간 (야끼한남자↔부광탁구장)  설치일자 - 2016-09-06,11:00,-,20:00,-,11:00,-,20:00,-,11:00,-,20:00,-
544,대학로 파리바케트,대학로,128.6088467,35.892539,5,북구,구간 (파리바게트↔CU편의점)  설치일자 - 2016-09-06,11:00,-,20:00,-,11:00,-,20:00,-,11:00,-,20:00,-
545,대학로23길,대학로,128.6096893,35.8939022,5,북구,구간 (CU편의점↔미스타팡)  설치일자 - 2016-09-06,11:00,-,20:00,-,11:00,-,20:00,-,11:00,-,20:00,-
546,침산건영하이츠 정문,침산로,128.5914364,35.89017558,5,북구,구간 (본죽침산네거리점↔침산건영네거리)  설치일자 - 2017-06-21,7:00,-,20:00,-,10:00,-,17:00,-,10:00,-,17:00,-
547,복현장미공원공영주차장,경진로,128.6173156,35.89361666,5,북구,구간 (럭키5차아파트↔경일유치원)  설치일자 - 2017-12-23,7:00,-,20:00,-,10:00,-,17:00,-,10:00,-,17:00,-
548,서변공영주차장,호국로43길,128.5984075,35.92113123,5,북구,구간 (무태조야동주민센터↔롯데리아)  설치일자 - 2018-06-07,7:00,-,20:00,-,10:00,-,17:00,-,10:00,-,17:00,-
549,칠성동 삼성아파트 정문,호암로,128.5934824,35.8819171,5,북구,구간 (본죽침산점 ↔ 혜송유치원)  설치일자 - 2018-06-07,7:00,-,20:00,-,10:00,-,17:00,-,10:00,-,17:00,-
550,장보고식자재마트,칠성로,128.5953916,35.87945399,5,북구,구간 (칠성휴먼시아 ↔ 칠성광명맨션)  설치일자 - 2018-06-07,7:00,-,20:00,-,10:00,-,17:00,-,10:00,-,17:00,-
551,동변동 동변공원 사거리,동변로,128.6036074,35.91952844,5,북구,구간 (동변초등학교 ↔ 동변공원)  설치일자 - 2018-06-07,8:00,12:00,9:00,17:00,-,-,-,-,-,-,-,-
552,구암동 진성유치원,구암로32길,128.5578423,35.93004161,5,북구,구간 (한라타운 ↔ 건영캐스빌)  설치일자 - 2018-06-07,8:00,-,17:00,-,-,-,-,-,-,-,-,-
553,관음동 관남초등학교,칠곡중앙대로91길,128.5482824,35.93620301,5,북구,구간 (관남초등학교 ↔ 대구은행)  설치일자 - 2018-06-07,8:00,-,17:00,-,-,-,-,-,-,-,-,-
554,태전동 새동산 산부인과,칠곡중앙대로,128.5481912,35.93188726,5,북구,구간 (기업은행 ↔ 다이소)  설치일자 - 2018-06-07,7:00,-,20:00,-,10:00,-,17:00,-,10:00,-,17:00,-
555,노원LH천년나무 후문,팔달로35길,128.5700246,35.8904914,5,북구,구간 (101동 ↔ 104동)  설치일자 - 2018-06-07,7:00,-,20:00,-,10:00,-,17:00,-,10:00,-,17:00,-
556,산격 대우아파트,동북로,128.6106247,35.8995596,5,북구,구간 (대우아파트 정문↔대우아파트 101동)  설치일자 - 2013-01-24,7:00,-,20:00,-,10:00,-,17:00,-,10:00,-,17:00,-
557,명성푸르지오아파트,침산남로,128.5904172,35.88845419,5,북구,구간 (명성푸르지오 정문↔침산네거리)  설치일자 - 2015-01-16,7:00,-,20:00,-,10:00,-,17:00,-,10:00,-,17:00,-
558,거창종합물류,사수로,128.5405682,35.89624631,5,북구,구간 (대상베스트코식자제↔장태실네거리)  설치일자 - 2017-05-15,7:00,-,20:00,-,10:00,-,17:00,-,10:00,-,17:00,-
559,영진전문대 후문,동북로49길,128.6199443,35.89676273,5,북구,구간 (영진전문대 후문↔대구북중)  설치일자 - 2017-05-15,7:00,-,20:00,-,10:00,-,17:00,-,10:00,-,17:00,-
560,동아아울렛강북점 뒷편,구암로15길,128.5494073,35.93323496,5,북구,구간 (동아아울렛강북점↔칠곡중앙교회)  설치일자 - 2017-05-15,7:00,-,20:00,-,10:00,-,17:00,-,10:00,-,17:00,-
561,대현동 LH3단지 정문,대현남로,128.6094068,35.8803393,5,북구,구간 (302동 ↔ 308동)  설치일자 - 2018-12-14,7:00,-,20:00,-,10:00,-,17:00,-,10:00,-,17:00,-
562,침산동 화인탑펠리스,옥산로,128.5860611,35.88436194,5,북구,구간 (대구은행본점 ↔ 북부도서관)  설치일자 - 2018-12-14,7:00,-,19:00,-,10:00,-,17:00,-,10:00,-,17:00,-
563,사수동 센스마트 삼거리,내곡로,128.5109038,35.89915033,5,북구,구간 (서한이다음후문 ↔ 금빛약국)  설치일자 - 2018-12-14,7:00,-,20:00,-,10:00,-,17:00,-,10:00,-,17:00,-
564,칠성시장 화재경계지구,칠성시장로,128.603658,35.87422659,5,북구,구간 (칠성지하차도 ↔ 동인지하차도)  설치일자 - 2018-12-14,7:00,-,20:00,-,10:00,-,17:00,-,10:00,-,17:00,-
565,침산동 침산화성파크드림 정문,성북로,128.5918736,35.89143052,5,북구,구간 (1007동 ↔ 1005동)  설치일자 - 2018-12-14,7:00,-,20:00,-,10:00,-,17:00,-,10:00,-,17:00,-
566,태전동 대원빌딩,태전로,128.5447267,35.92308012,5,북구,구간 (은마아파트 ↔ 태전중앙시장)  설치일자 - 2018-12-14,7:00,-,20:00,-,10:00,-,17:00,-,10:00,-,17:00,-
567,대현도서관교차로,대현남로5길,128.6073686,35.88139784,5,북구,구간 (회전교차로 주변)  설치일자 - 2019-04-24,7:00,-,20:00,-,10:00,-,17:00,-,10:00,-,17:00,-
568,학정동 칠곡경북대학교병원,호국로,128.5648061,35.95480248,5,북구,구간 (경대병원 정문 ↔ 학정로 561)  설치일자 - 2019-05-23,7:00,-,20:00,-,10:00,-,17:00,-,10:00,-,17:00,-
569,구암동 남다른감자탕,동암로,128.5647977,35.94388525,5,북구,구간 (동암로 128 ↔ 동암로 130)  설치일자 - 2019-05-23,7:00,-,20:00,-,10:00,-,17:00,-,-,-,-,-
570,동천동 CGV 대구칠곡점,동암로,128.5598144,35.94455502,5,북구,구간 (동암로 76 ↔ 동암로 90)  설치일자 - 2019-05-23,7:00,-,20:00,-,12:00,-,17:00,-,-,-,-,-
571,매천고령축산백화점,매전로,128.5437505,35.90862554,5,북구,구간 (매전로 2 ↔ 매전로4길 20)  설치일자 - 2019-05-23,7:00,-,20:00,-,10:00,-,17:00,-,10:00,-,17:00,-
572,운암지,구암로,128.5658516,35.93173251,5,북구,구간 (구암로 217 ↔ 구암로 238)  설치일자 - 2019-05-23,7:00,-,19:00,-,10:00,-,17:00,-,-,-,-,-
573,서변동 성북초등학교,호국로57길,128.5948893,35.92572149,5,북구,구간 (성북초등학교 ↔ 서변중학교)  설치일자 - 2019-05-23,8:00,-,17:00,-,-,-,-,-,-,-,-,-
574,학정역 효성해링턴플레이스,칠곡중앙대로,128.5531227,35.95356523,5,북구,구간 (대교국밥 ↔ 효성해링턴정문)  설치일자 - 2019-11-01,7:00,-,19:00,-,10:00,-,17:00,-,10:00,-,17:00,-
575,사수동 부광빌딩 건너,내곡로,128.5131759,35.90160184,5,북구,구간 (OK마트 ↔ 서희스타힐스테이105동)  설치일자 - 2019-11-01,7:00,-,20:00,-,10:00,-,17:00,-,10:00,-,17:00,-
576,서변동 서변초등학교,호국로43길,128.5955722,35.92110257,5,북구,구간 (서변초등 담벼락 ↔ 중앙시장입구)  설치일자 - 2019-11-01,8:00,-,17:00,-,-,-,-,-,-,-,-,-
577,동화아이위시 정문,동화천로42길,128.6154102,35.94108803,5,북구,구간 (101동 ↔ 1068동)  설치일자 - 2020-02-24,7:00,-,20:00,-,10:00,-,17:00,-,10:00,-,17:00,-
578,오페라 클래시아 정문,칠성남로,128.5945839,35.87897892,5,북구,구간 (오페리 클래시아 ↔ 태영생막창)  설치일자 - 2020-06-12,7:00,-,20:00,-,10:00,-,17:00,-,10:00,-,17:00,-
579,학남초등학교 앞 사거리,구리로,128.5671762,35.94652727,5,북구,구간 (1차한라하우젠트 ↔ 2차한라하우젠트)  설치일자 - 2020-06-30,7:00,-,20:00,-,10:00,-,17:00,-,10:00,-,17:00,-
580,NC아울렛 앞 사거리,유통단지로8길,128.6117592,35.90510866,5,북구,구간 (NC아울렛 ↔ 엑스코 남편)  설치일자 - 2020-06-30,7:00,-,20:00,-,10:00,-,17:00,-,10:00,-,17:00,-
581,오페라트루엘시민의숲,고성북로,128.5831567,35.88243753,5,북구,구간 (고성북로 43 ↔ 고성로 155)  설치일자 - 2020-06-30,7:00,-,20:00,-,10:00,-,17:00,-,10:00,-,17:00,-
582,노원동행정복지센터 사거리,오봉로,128.576651,35.89030926,5,북구,구간 (오봉로 12 ↔ 오봉로 48-1)  설치일자 - 2020-06-30,7:00,-,20:00,-,10:00,-,17:00,-,10:00,-,17:00,-
583,동평초등 사거리,대천로,128.5597396,35.93687921,5,북구,구간 (동천네거리 ↔ 동천교네거리 )  설치일자 - 2020-06-30,7:00,-,20:00,-,10:00,-,17:00,-,10:00,-,17:00,-
584,학정로 50 앞 사거리,학정로,128.548381,35.91350234,5,북구,구간 (학정로 38 ↔ 학정로 62)  설치일자 - 2020-09-09,7:00,-,20:00,-,10:00,-,17:00,-,10:00,-,17:00,-
585,대구일중학교 정문,옥산로17길,128.5861976,35.88811474,5,북구,구간 (태왕아너스로뎀 ↔ 달산초등학교 대구일중학교 ↔ 침산푸르지오1차)  설치일자 - 2020-07-06,7:00,-,20:00,-,10:00,-,17:00,-,10:00,-,17:00,-
586,엑스코 동편 삼거리,유통단지로8길,128.6146121,35.90666969,5,북구,구간 (엑스코 동편  남편)  설치일자 - 2020-07-06,7:00,-,20:00,-,10:00,-,17:00,-,10:00,-,17:00,-
587,삼덕꽃센터 앞 삼거리,칠성남로,128.5974776,35.87720231,5,북구,구간 (칠성남로 146 ↔ 칠성남로36길 2)  설치일자 - 2020-07-06,7:00,-,20:00,-,10:00,-,17:00,-,10:00,-,17:00,-
588,유림노르웨이숲 남편 도로,칠성남로16길,128.5923002,35.87703043,5,북구,구간 (북부소방서 ↔ 역후공원 유림노르웨이숲 남편)  설치일자 - 2020-11-11,7:00,-,20:00,-,10:00,-,17:00,-,10:00,-,17:00,-
11,서문시장육교,달성로,128.5821972,35.86915897,1,중구,연중무휴,9:00,-,22:00,-,9:00,-,22:00,-,9:00,-,22:00,-
12,통신골목 시계탑,동성로1길,128.5947935,35.86658082,1,중구,연중무휴,9:00,-,22:00,-,9:00,-,22:00,-,9:00,-,22:00,-
13,태평로,태평로,128.5990754,35.87414567,1,중구,연중무휴,9:00,-,22:00,-,9:00,-,22:00,-,9:00,-,22:00,-
14,통신골목입구,동성로1길,128.5971556,35.86539269,1,중구,연중무휴,9:00,-,22:00,-,9:00,-,22:00,-,9:00,-,22:00,-
15,큰장네거리,국채보상로,128.5795294,35.87036053,1,중구,연중무휴,9:00,-,22:00,-,9:00,-,22:00,-,9:00,-,22:00,-
16,동성5길(구.금융결제원),동성로5길,128.5967858,35.86757656,1,중구,연중무휴,9:00,-,22:00,-,9:00,-,22:00,-,9:00,-,22:00,-
17,2.28공원 옆,동성로2길,128.5971366,35.86970071,1,중구,연중무휴,9:00,-,22:00,-,9:00,-,22:00,-,9:00,-,22:00,-
18,동성6길(공평주차장 건너편),동성로6길,128.5953757,35.8679239,1,중구,연중무휴,9:00,-,22:00,-,9:00,-,22:00,-,9:00,-,22:00,-
19,삼덕소방서,공평로,128.5998214,35.86703071,1,중구,연중무휴,9:00,-,22:00,-,9:00,-,22:00,-,9:00,-,22:00,-
110,남성로 정관장 앞,남성로,128.5921511,35.8672312,1,중구,연중무휴,9:00,-,22:00,-,9:00,-,22:00,-,9:00,-,22:00,-
111,종로 다보 앞,종로,128.5914647,35.86963273,1,중구,연중무휴,9:00,-,22:00,-,9:00,-,22:00,-,9:00,-,22:00,-
112,동성1길(신헤어라인),동성로6길,128.5979244,35.86862337,1,중구,연중무휴,9:00,-,22:00,-,9:00,-,22:00,-,9:00,-,22:00,-
113,대봉동우체국,대봉로,128.6016765,35.857898,1,중구,연중무휴,9:00,-,22:00,-,9:00,-,22:00,-,9:00,-,22:00,-
114,북성로 #1(한일유료주차장앞),북성로,128.5941102,35.87445223,1,중구,주말  공휴일 단속안함,9:00,-,19:00,-,-,-,-,-,-,-,-,-
115,북성로 #2(덕산도로앞),북성로,128.5916618,35.87419393,1,중구,주말  공휴일 단속안함,9:00,-,19:00,-,-,-,-,-,-,-,-,-
116,북성로 #3(삼양베어링상사앞),북성로,128.5896366,35.87397988,1,중구,주말  공휴일 단속안함,9:00,-,19:00,-,-,-,-,-,-,-,-,-
117,인교동 #1(세신종합볼트앞),북성로,128.585848,35.8736874,1,중구,주말  공휴일 단속안함,9:00,-,19:00,-,-,-,-,-,-,-,-,-
118,인교동 #2(성진엔텍앞),북성로,128.5826572,35.87346843,1,중구,주말  공휴일 단속안함,9:00,-,19:00,-,-,-,-,-,-,-,-,-
119,수창초 정문 앞,달성로22길,128.5838036,35.87490604,1,중구,주말  공휴일 단속안함,9:00,-,19:00,-,-,-,-,-,-,-,-,-
120,반월당 삼정그린코아,달구벌대로418길,128.592168,35.86416259,1,중구,연중무휴,9:00,-,22:00,-,9:00,-,22:00,-,9:00,-,22:00,-
121,대구초등학교 서편,명륜로23길,128.594823,35.86415056,1,중구,연중무휴,9:00,-,22:00,-,9:00,-,22:00,-,9:00,-,22:00,-
122,현대백화점 대구점 앞,달구벌대로,128.5906908,35.86610165,1,중구,연중무휴,9:00,-,22:00,-,9:00,-,22:00,-,9:00,-,22:00,-
123,동산병원 앞,달성로,128.5823364,35.86916381,1,중구,연중무휴,9:00,-,22:00,-,9:00,-,22:00,-,9:00,-,22:00,-
124,경대병원건너(두산약국 앞),동덕로,128.6033039,35.8659163,1,중구,연중무휴,9:00,-,22:00,-,9:00,-,22:00,-,9:00,-,22:00,-
125,현대백화점 건너편(삼화안전주차장 앞),달구벌대로,128.5904111,35.86590955,1,중구,연중무휴,9:00,-,22:00,-,9:00,-,22:00,-,9:00,-,22:00,-
126,봉산문화회관입구(미래에셋증권 앞),봉산문화길,128.5961872,35.86483052,1,중구,연중무휴,9:00,-,22:00,-,9:00,-,22:00,-,9:00,-,22:00,-
127,GS 중앙점 앞(아카데미극장 맞은편),중앙대로77길,128.5935961,35.86825167,1,중구,연중무휴,9:00,-,22:00,-,9:00,-,22:00,-,9:00,-,22:00,-
128,중앙로역(대한보청기 앞),중앙대로,128.5937456,35.86960381,1,중구,연중무휴,9:00,-,22:00,-,9:00,-,22:00,-,9:00,-,22:00,-
129,롯데영프라자 부근(구.한일극장 맞은편),국채보상로,128.5961197,35.8707797,1,중구,연중무휴,9:00,-,22:00,-,9:00,-,22:00,-,9:00,-,22:00,-
130,곽병원 부근(한양검정고시학원 앞),국채보상로,128.5894835,35.87038032,1,중구,연중무휴,9:00,-,22:00,-,9:00,-,22:00,-,9:00,-,22:00,-
131,동도교회(제2신천교),태평로,128.6093876,35.87315928,1,중구,연중무휴,9:00,-,22:00,-,9:00,-,22:00,-,9:00,-,22:00,-
132,서문시장5지구 앞,큰장로,128.5778222,35.86830973,1,중구,연중무휴,9:00,-,22:00,-,9:00,-,22:00,-,9:00,-,22:00,-
133,방천시장 입구,달구벌대로,128.6064814,35.86227921,1,중구,연중무휴,9:00,-,22:00,-,9:00,-,22:00,-,9:00,-,22:00,-
134,동산네거리(새동산약국),달성로,128.5823056,35.87051511,1,중구,연중무휴,9:00,-,22:00,-,9:00,-,22:00,-,9:00,-,22:00,-
135,태왕스파크 앞,동성로3길,128.5982204,35.86897127,1,중구,연중무휴,9:00,-,22:00,-,9:00,-,22:00,-,9:00,-,22:00,-
135,테스트용 제목,테스트용 도로명,128.6080724,36.0007415,5,칠곡군,구간 (테스트 12 ↔ 테스트 48-1),9:00,-,22:00,-,9:00,-,22:00,-,9:00,-,22:00,-
135,테스트용2 제목,테스트용2 도로명,128.6004601,36.0002718,5,칠곡군,구간 (테스트용2 212 ↔ 테스트2 248-1),9:00,-,22:00,-,9:00,-,22:00,-,9:00,-,22:00,-
